id,Sex,Length,Diameter,Height,Weight,Shucked Weight,Viscera Weight,Shell Weight,Age
0,F,1.0125,0.775,0.25,9.82310175,4.0539785,1.88524175,3.2601925,11.0
1,F,1.4875,1.2375,0.4125,32.375129,15.77649675,6.2652395,10.3475675,9.0
2,I,0.6625,0.55,0.2375,3.67126025,1.644271,0.9355335,1.190679,6.0
3,M,1.525,1.2,0.4125,30.40483875,13.65028425,7.484268,8.9300925,13.0
4,M,1.625,1.3,0.475,41.23434775,17.8885345,9.11436425,11.3398,12.0
5,M,0.875,0.6625,0.2,5.71242425,1.871067,1.31825175,1.70097,12.0
6,F,1.6125,1.2625,0.4,36.55668025,13.267566,9.128539,11.90679,14.0
7,F,1.4875,1.1875,0.375,30.107169,15.26620575,6.78970525,7.93786,9.0
8,F,1.4625,1.0875,0.45,25.69882175,9.695529,4.422522,9.07184,13.0
9,M,1.1625,0.875,0.3,12.530479,5.3580555,2.45223175,4.1673765,8.0
10,F,1.6125,1.2625,0.4125,37.364641,15.592225,8.49067525,9.4970825,10.0
11,M,1.325,1.0125,0.325,20.0997955,9.241937,4.706017,5.10291,8.0
12,M,1.4625,1.1875,0.3625,30.51823675,13.93377925,5.99591925,7.654365,10.0
13,M,0.9,0.675,0.2375,5.443104,2.211261,1.4458245,1.984465,10.0
14,F,1.175,0.9125,0.325,16.68368075,7.9095105,3.6003865,4.3941725,8.0
15,F,1.025,0.7875,0.2625,8.618248,4.63514325,1.7293195,2.5231055,6.0
16,I,1.275,1.0,0.3625,18.86659225,8.66077225,2.73572675,6.23689,8.0
17,M,1.5,1.15,0.3625,27.54153925,12.94154675,6.123492,7.83863675,9.0
18,I,0.9,0.6875,0.2375,6.0384435,2.2963095,1.23320325,1.984465,5.0
19,F,1.5,1.1875,0.4125,31.90736225,15.762322,6.7755305,8.788345,10.0
20,I,0.725,0.525,0.2,3.16096925,1.26155275,0.75126175,0.850485,3.0
21,I,1.075,0.8625,0.2625,12.99824575,5.9250455,2.3530085,3.40194,7.0
22,M,1.2,0.95,0.3125,16.42853525,7.3425205,4.025629,3.96893,6.0
23,I,0.675,0.4875,0.175,2.16873675,0.80796075,0.4819415,0.69456275,6.0
24,I,1.1125,0.825,0.25,10.432616,4.8477645,2.097863,2.891649,7.0
25,M,1.2125,0.9625,0.2875,18.5689225,11.8784405,3.7137845,4.3941725,8.0
26,F,1.5625,1.2125,0.5,35.02580725,13.93377925,7.597666,11.90679,12.0
27,I,0.95,0.725,0.2375,6.30776375,2.84912475,1.4458245,2.1262125,7.0
28,I,0.9625,0.725,0.2875,9.07184,4.309124,1.8427175,2.16873675,8.0
29,I,1.2,0.925,0.3,15.03940975,6.2652395,3.86970675,4.025629,9.0
30,I,1.15,0.9125,0.275,12.984071,5.74077375,2.8632995,3.55786225,7.0
31,I,1.1,0.875,0.325,11.89261525,4.43669675,3.3168915,3.685435,12.0
32,M,1.4625,1.15,0.3875,28.0376555,12.3320325,6.23689,7.5126175,8.0
33,M,1.4125,1.1125,0.4375,24.70658925,8.88756825,6.90310325,9.355335,14.0
34,M,1.3125,1.025,0.4375,20.6100865,8.60407325,4.55009475,4.9611625,12.0
35,I,0.7125,0.525,0.1625,3.0900955,1.54504775,0.63786375,0.9922325,5.0
36,I,1.2625,0.975,0.3625,19.7029025,8.09378225,3.86970675,7.2291225,8.0
37,F,1.5625,1.2,0.4125,36.61337925,16.00329275,8.60407325,8.9300925,10.0
38,I,1.3375,1.0,0.3,20.28406725,9.02931575,4.5075705,5.2446575,7.0
39,F,1.3,1.05,0.375,21.13455225,7.98038425,3.52951275,7.93786,14.0
40,I,1.0125,0.775,0.225,8.66077225,3.8271825,1.80019325,2.1829115,6.0
41,I,0.9625,0.7625,0.2625,7.49844275,3.1467945,1.68679525,2.4097075,6.0
42,F,1.1,0.8625,0.3,13.8062065,5.386405,3.0333965,3.5436875,10.0
43,F,1.5125,1.225,0.4,32.72949775,13.02659525,7.484268,8.448151,10.0
44,I,0.8375,0.625,0.1875,4.819415,2.11203775,1.09145575,1.417475,7.0
45,M,1.25,0.9625,0.35,19.107563,8.334753,3.18931875,5.10291,13.0
46,M,1.4125,1.1,0.35,20.638436,7.314171,4.32329875,6.6621325,10.0
47,M,1.175,0.8625,0.2625,13.8062065,6.577084,2.62232875,3.40194,9.0
48,I,0.7,0.5125,0.175,3.8838815,1.54504775,0.89300925,1.13398,5.0
49,F,1.525,1.2875,0.425,33.26813825,13.947954,6.4353365,11.056305,12.0
50,F,1.6,1.2625,0.4125,37.98833,14.35902175,9.22776225,9.4970825,10.0
51,I,0.925,0.6875,0.2,7.6827145,3.061746,1.77184375,1.984465,6.0
52,F,1.5125,1.1875,0.3625,31.3261975,12.91319725,7.07320025,7.61184075,9.0
53,F,1.45,1.1375,0.4125,31.75144,11.453198,7.257472,10.61688775,15.0
54,M,1.2875,0.9625,0.3125,17.70426275,8.32057825,4.3374735,3.96893,7.0
55,I,0.7375,0.5375,0.2,3.98310475,1.60174675,0.8788345,1.417475,7.0
56,I,0.8625,0.6375,0.175,5.3013565,2.19708625,1.14815475,1.417475,7.0
57,I,0.8375,0.6625,0.225,5.10291,2.1262125,1.417475,1.984465,8.0
58,M,1.6375,1.2875,0.4375,39.9444455,16.612807,8.83086925,10.98543125,13.0
59,I,1.1875,0.9,0.275,12.54465375,4.89028875,2.721552,3.8271825,7.0
60,I,0.9875,0.775,0.2,9.31281075,4.03980375,1.88524175,2.05533875,7.0
61,F,1.3,1.025,0.35,18.80989325,8.40562675,4.52174525,5.59902625,11.0
62,I,0.875,0.6625,0.225,6.180191,2.36718325,1.77184375,1.984465,7.0
63,I,0.775,0.575,0.1875,4.309124,1.60174675,0.86465975,1.304077,6.0
64,F,1.5375,1.2125,0.4,35.22425375,15.06775925,8.051258,9.355335,11.0
65,F,1.425,1.125,0.4125,24.8625115,9.87980075,5.9817445,7.2291225,14.0
66,M,1.4,1.1,0.3875,24.36639525,9.6671795,5.273007,7.030676,10.0
67,F,1.4625,1.175,0.4625,27.93843225,12.2186345,6.95980225,8.3631025,10.0
68,M,1.3875,1.1125,0.3625,24.607366,11.69416875,5.386405,6.520385,9.0
69,I,1.075,0.85,0.275,11.2547515,5.6982495,2.11203775,3.40194,6.0
70,M,1.5125,1.175,0.3875,29.937072,12.23280925,7.7394135,9.2135875,10.0
71,M,1.625,1.275,0.4125,37.74735925,16.839603,9.015141,10.999606,10.0
72,F,1.325,1.075,0.325,19.4038725,8.334753,4.819415,5.10291,10.0
73,M,1.4625,1.15,0.5125,40.78075575,11.43902325,5.499803,14.17475,22.0
74,M,1.3875,1.0375,0.325,22.5378525,12.3887315,4.819415,5.8116475,9.0
75,I,1.1875,0.9375,0.3125,13.04077,5.74077375,3.30271675,4.819415,7.0
76,M,1.6375,1.2125,0.425,38.215126,19.391058,7.52679225,9.07184,11.0
77,F,1.45,1.1125,0.45,28.689694,13.16834275,7.07320025,8.221355,10.0
78,M,1.5125,1.2,0.4,27.499015,9.6671795,7.6260155,8.80251975,12.0
79,M,1.425,1.175,0.4125,25.4295015,10.6877615,6.5487345,8.221355,10.0
80,I,1.4875,1.15,0.3625,23.586784,10.886208,4.479221,6.80388,10.0
81,M,1.4625,1.175,0.4625,31.014353,11.49572225,6.3786375,11.623295,18.0
82,F,1.5625,1.1875,0.4875,34.5580405,17.93105875,7.3992195,8.71747125,10.0
83,F,1.625,1.4125,0.4375,44.395317,22.80717275,9.128539,11.7650425,11.0
84,F,1.7,1.35,0.4625,44.395317,20.48251375,6.98815175,13.99047825,13.0
85,F,1.175,0.9375,0.3,13.99047825,6.23689,3.72795925,3.8271825,7.0
86,F,1.5625,1.225,0.425,38.55532,18.75319425,6.08096775,9.922325,10.0
87,I,0.875,0.6625,0.25,6.50621025,2.65067825,1.31825175,1.984465,6.0
88,F,1.5375,1.2125,0.4125,35.02580725,15.94659375,7.824462,9.07184,9.0
89,F,1.425,1.1375,0.4375,28.44872325,15.57805025,5.71242425,8.6465975,9.0
90,F,1.45,1.15,0.475,28.64716975,10.262519,5.556502,11.056305,14.0
91,I,0.35,0.2625,0.0875,0.56699,0.1417475,0.09922325,0.1417475,4.0
92,M,1.5125,1.175,0.3875,32.92794425,16.3009625,8.051258,8.9300925,12.0
93,F,1.375,1.075,0.4,23.5017355,9.28446125,4.4508715,8.17883075,12.0
94,M,1.45,1.05,0.3625,24.62154075,10.432616,4.63514325,7.2291225,11.0
95,I,1.4375,1.1375,0.375,27.555714,12.68640125,6.2652395,6.7755305,9.0
96,I,1.375,1.0875,0.35,19.97222275,8.3631025,4.97533725,5.386405,8.0
97,M,1.75,1.4125,0.5125,47.173568,12.3320325,7.98038425,16.44271,19.0
98,I,1.0375,0.75,0.2,9.4970825,4.8477645,1.65844575,2.19708625,6.0
99,M,1.675,1.275,0.3625,36.78347625,17.5483405,8.221355,8.50485,10.0
100,I,0.8875,0.6625,0.225,5.5281525,2.19708625,0.86465975,1.8427175,7.0
101,I,1.0125,0.7875,0.275,9.8939755,4.03980375,1.6726205,2.36718325,8.0
102,I,1.05,0.8125,0.2625,10.98543125,4.97533725,2.4097075,2.891649,8.0
103,I,0.95,0.725,0.25,8.17883075,3.21766825,1.60174675,2.324659,7.0
104,F,1.7375,1.425,0.4875,55.06890375,22.6512505,14.72756525,15.03940975,10.0
105,M,1.425,1.1125,0.375,27.78251,13.777857,5.556502,7.087375,9.0
106,I,0.925,0.675,0.225,6.30776375,2.6932025,1.37495075,1.984465,7.0
107,M,1.1875,0.9375,0.3125,13.25339125,6.02426875,2.8066005,3.8271825,8.0
108,I,1.3,1.025,0.35,20.25571775,8.66077225,4.01145425,5.6982495,10.0
109,I,0.975,0.725,0.2375,7.52679225,3.04757125,1.54504775,2.26796,7.0
110,I,1.4,1.075,0.3125,23.71435675,11.963489,4.3374735,6.520385,7.0
111,M,1.3125,1.0125,0.45,22.11261,9.11436425,5.59902625,5.5281525,9.0
112,F,1.7125,1.4375,0.4875,49.90929475,16.82542825,10.8578585,17.57669,18.0
113,I,0.5125,0.3875,0.1625,1.31825175,0.5386405,0.4252425,0.340194,4.0
114,M,1.5625,1.1875,0.4375,31.808139,11.60912025,6.690482,8.9300925,19.0
115,M,1.625,1.2375,0.4375,35.98969025,15.025235,7.6827145,9.11436425,13.0
116,F,1.55,1.2375,0.3875,35.2384285,16.68368075,7.200773,9.7805775,13.0
117,F,1.6,1.2,0.3875,36.61337925,16.612807,8.63242275,8.9300925,9.0
118,I,0.7,0.5,0.175,3.515338,1.54504775,0.60951425,0.850485,5.0
119,F,1.4625,1.0875,0.4125,27.0170735,9.525432,8.221355,8.9300925,14.0
120,F,1.675,1.2625,0.4125,39.405805,20.87940675,8.0229085,10.77281,9.0
121,M,1.475,1.1625,0.3875,29.24250925,13.16834275,6.64795775,8.0796075,9.0
122,M,1.2125,0.9375,0.3375,15.83319575,6.7188315,3.30271675,4.6776675,11.0
123,F,1.1,0.875,0.2875,11.509897,4.9611625,2.36718325,3.8271825,8.0
124,M,1.5,1.1875,0.4375,33.962701,14.968536,6.73300625,8.9300925,10.0
125,M,1.5625,1.225,0.4375,34.31706975,15.025235,6.53455975,8.7599955,11.0
126,I,1.3,1.0,0.3125,16.839603,8.68912175,3.742134,4.876114,8.0
127,M,1.4625,1.1875,0.375,25.51455,10.41844125,6.22271525,7.2291225,8.0
128,I,0.875,0.6625,0.2125,5.59902625,2.2963095,1.3324265,1.984465,7.0
129,F,1.5625,1.2375,0.4375,31.51046925,13.1825175,7.37087,9.63883,15.0
130,I,1.3,1.0625,0.325,18.313777,9.8372765,3.7704835,4.819415,8.0
131,F,1.55,1.25,0.4,35.5786225,14.911837,8.29222875,9.07184,11.0
132,F,1.25,0.9625,0.3375,18.767369,6.44951125,4.025629,5.6699,13.0
133,I,1.075,0.8375,0.275,9.7238785,4.8477645,2.4097075,2.6932025,6.0
134,M,1.55,1.1625,0.4,33.9910505,17.42076775,7.3425205,8.9300925,11.0
135,F,1.6125,1.2625,0.4125,37.37881575,15.43630275,8.03708325,10.0640725,13.0
136,F,1.2625,0.9875,0.35,18.07280625,7.8528115,3.7704835,5.6699,10.0
137,M,1.375,1.0625,0.325,20.638436,9.51125725,4.86193925,6.463686,10.0
138,F,1.675,1.35,0.45,43.02036625,12.927372,10.2908685,13.891255,19.0
139,I,0.875,0.65,0.225,5.6415505,2.211261,1.2757275,1.97029025,6.0
140,I,0.825,0.6,0.2125,4.6209685,1.9561155,1.2757275,1.70097,7.0
141,F,1.3,1.0,0.4,21.44639675,7.3992195,4.57844425,7.654365,15.0
142,M,1.575,1.2625,0.4375,35.02580725,14.16057525,7.52679225,9.4970825,10.0
143,M,1.775,1.425,0.5375,53.6089045,26.7902775,12.47378,14.3164975,11.0
144,M,1.4125,1.1625,0.3625,25.84056925,11.75086775,6.27941425,7.4559185,9.0
145,F,1.4875,1.175,0.35,26.18076325,11.113004,6.98815175,8.9300925,14.0
146,F,1.625,1.3125,0.475,49.32813,23.6151335,11.38232425,11.3398,11.0
147,I,0.7375,0.5625,0.175,3.515338,1.20485375,0.78193775,1.13398,6.0
148,F,0.9625,0.75,0.2375,7.72523875,2.551455,1.9561155,2.551455,9.0
149,I,0.9375,0.6875,0.225,6.33611325,2.721552,1.0489315,2.26796,7.0
150,I,1.2125,0.9125,0.275,14.69921575,7.07320025,3.4869885,3.8271825,8.0
151,M,1.55,1.2,0.4375,29.937072,12.2753335,6.13766675,9.2135875,9.0
152,I,1.0375,0.775,0.225,8.51902475,3.41611475,1.63009625,2.83495,6.0
153,I,1.6125,1.2875,0.4875,40.029494,17.08057375,9.015141,11.7650425,14.0
154,I,1.3125,1.0375,0.3625,21.50309575,9.2702865,4.1673765,5.20213325,11.0
155,M,1.525,1.2125,0.4375,34.9549335,18.1153305,7.3992195,8.50485,9.0
156,M,0.9625,0.7125,0.3,7.72523875,3.2601925,1.77184375,2.4097075,10.0
157,F,1.5625,1.2125,0.4375,29.44095575,12.3887315,6.08096775,9.7805775,14.0
158,M,1.4125,1.075,0.3625,26.2799865,9.4403835,5.8683465,8.3631025,11.0
159,F,1.6875,1.35,0.5,50.972401,21.98503725,11.12717875,12.8990225,11.0
160,I,0.85,0.675,0.225,5.443104,2.154562,1.4458245,1.984465,7.0
161,M,1.175,0.9125,0.35,12.757275,4.32329875,2.721552,4.1106775,9.0
162,M,1.425,1.1125,0.325,24.323871,8.674947,4.89028875,8.0796075,14.0
163,F,1.5625,1.2125,0.475,33.55163325,12.530479,8.7599955,10.84368375,18.0
164,M,1.6,1.3125,0.5,41.4186195,12.927372,8.0229085,11.623295,20.0
165,M,1.6125,1.2625,0.4625,40.029494,18.086981,8.901743,9.63883,10.0
166,F,1.3625,1.1,0.3125,25.51455,8.1930055,5.216308,7.7961125,14.0
167,F,1.3125,0.95,0.325,16.9246515,7.78193775,3.64291075,5.046211,10.0
168,F,1.7,1.3125,0.4375,44.0834725,17.8885345,10.432616,12.20445975,11.0
169,M,1.1,0.8375,0.3125,11.509897,4.77689075,1.77184375,3.685435,8.0
170,I,1.3,1.025,0.3125,16.2442635,7.257472,3.50116325,5.10291,8.0
171,M,1.575,1.2125,0.4125,30.1922175,12.813974,7.3425205,8.0796075,11.0
172,M,1.475,1.1375,0.4,43.0628905,22.69377475,9.525432,8.6465975,10.0
173,F,1.65,1.3125,0.5,45.71356875,20.70930975,11.793392,12.0485375,10.0
174,I,1.0,0.725,0.2375,7.144074,3.912231,1.7293195,2.26796,6.0
175,F,1.65,1.2375,0.3875,36.55668025,17.93105875,8.7032965,8.788345,9.0
176,F,1.5,1.2,0.4375,36.18813675,14.2030995,8.391452,11.623295,17.0
177,F,1.4,1.1,0.35,22.75047375,8.91591775,5.74077375,6.23689,14.0
178,F,1.3625,1.0,0.3625,23.019794,9.25611175,4.479221,6.9456275,15.0
179,F,1.425,1.1375,0.45,25.7696955,8.57572375,5.2446575,7.087375,21.0
180,I,1.3875,1.075,0.3625,20.62426125,9.62465525,4.479221,6.23689,9.0
181,F,1.5625,1.2,0.425,34.26584,16.5277585,7.89533575,8.9300925,9.0
182,I,1.3375,1.05,0.3625,21.6873675,9.355335,4.479221,5.6699,10.0
183,M,1.3125,0.95,0.325,17.08057375,8.34892775,3.98310475,4.9611625,9.0
184,M,1.45,1.1375,0.4,28.7180435,12.4454305,6.633783,6.87475375,9.0
185,F,1.55,1.2,0.425,33.8209535,14.81261375,8.60407325,8.788345,9.0
186,I,1.6375,1.2,0.45,33.92017675,16.93882625,7.52679225,8.9300925,10.0
187,I,0.3875,0.2625,0.1125,1.28990225,0.18427175,0.1417475,0.1417475,5.0
188,F,1.175,0.925,0.3125,14.571643,6.30776375,3.75630875,4.3941725,8.0
189,F,1.4375,1.2125,0.4125,30.674159,12.643877,7.3992195,8.50485,12.0
190,I,1.3125,1.0,0.35,17.7184375,6.64795775,3.7137845,6.3219385,12.0
191,M,0.825,0.5625,0.2125,3.92640575,1.417475,0.680388,1.5592225,13.0
192,F,1.3625,1.025,0.35,21.38969775,7.55514175,4.86193925,6.9456275,12.0
193,I,0.7,0.525,0.1875,3.41611475,1.2190285,0.80796075,1.13398,5.0
194,I,1.2875,0.9875,0.35,16.2442635,8.97261675,3.6003865,4.9611625,7.0
195,F,1.4875,1.15,0.4125,28.859791,13.1258185,5.08873525,8.788345,9.0
196,F,1.4875,1.1375,0.4125,32.715323,15.4504775,6.066793,8.9300925,9.0
197,I,1.075,0.7875,0.2625,9.07184,4.9611625,1.8427175,2.721552,8.0
198,M,1.6875,1.3,0.4375,41.4753185,17.860185,8.674947,11.1980525,11.0
199,M,1.425,1.1125,0.3625,24.6924145,9.82310175,5.1879585,8.3631025,15.0
200,M,1.3125,1.0,0.3625,19.74542675,7.93786,4.5642695,5.386405,10.0
201,F,1.525,1.2125,0.4375,34.6147395,13.05494475,7.01650125,10.20582,13.0
202,F,1.4125,1.1375,0.425,22.324299,10.77281,4.7910655,6.3219385,9.0
203,F,1.1375,0.8875,0.3,14.004653,5.65572525,2.76407625,4.3941725,10.0
204,I,0.9375,0.725,0.2,7.27164675,3.515338,1.7293195,2.05533875,7.0
205,M,1.575,1.2,0.4375,31.19862475,15.03940975,6.7188315,8.9300925,12.0
206,I,0.9375,0.6875,0.225,6.180191,2.2963095,1.5025235,1.984465,6.0
207,M,1.4125,1.0875,0.375,26.421734,10.8011595,5.17378375,6.9456275,13.0
208,M,1.4375,1.125,0.35,24.79163775,12.3320325,4.7343665,6.520385,9.0
209,M,1.5125,1.1875,0.45,29.97959625,12.26115875,7.0023265,9.7805775,10.0
210,I,0.75,0.575,0.1875,3.24601775,1.6159215,0.94970825,1.247378,6.0
211,F,1.6125,1.2,0.375,34.79901125,17.293195,6.76135575,8.50485,9.0
212,M,1.175,0.875,0.3,11.793392,4.32329875,2.8066005,3.96893,13.0
213,F,1.625,1.2625,0.4125,36.514156,16.9246515,9.241937,10.0640725,8.0
214,M,1.8125,1.4125,0.4375,57.039194,27.22969475,12.47378,15.12445825,10.0
215,F,1.4375,1.175,0.375,31.6096925,13.721158,7.41339425,7.7961125,12.0
216,M,1.2875,0.9875,0.3375,19.66037825,9.525432,3.52951275,4.35164825,7.0
217,I,0.6375,0.4875,0.175,2.93417325,1.17650425,0.623689,0.7087375,6.0
218,M,1.275,0.9875,0.3125,16.896302,6.0951425,3.685435,4.819415,10.0
219,F,1.575,1.1875,0.4375,33.849303,17.93105875,7.10154975,8.8166945,10.0
220,M,0.6875,0.5125,0.2,2.721552,1.0489315,0.63786375,0.850485,5.0
221,F,1.175,0.9375,0.375,27.895908,13.891255,4.46504625,7.2291225,11.0
222,I,0.775,0.5875,0.1875,3.6003865,1.360776,0.907184,1.13398,5.0
223,I,1.2625,0.9625,0.35,21.1203775,5.74077375,4.479221,6.520385,18.0
224,I,1.0125,0.8125,0.2875,10.8578585,4.7910655,2.608154,3.0900955,6.0
225,F,1.55,1.225,0.4125,34.8415355,15.1669825,7.78193775,10.0640725,9.0
226,I,1.175,0.875,0.2625,18.01610725,8.77417025,3.6003865,4.3941725,8.0
227,I,0.8125,0.625,0.2,5.5848515,2.08368825,1.03475675,1.417475,6.0
228,M,0.85,0.6625,0.2125,5.06038575,2.551455,1.03475675,1.5592225,6.0
229,M,1.45,1.15,0.375,28.19357775,12.23280925,5.42892925,8.3631025,10.0
230,I,1.15,0.875,0.3125,13.08329425,5.88252125,2.50893075,3.33106625,11.0
231,M,1.525,1.2,0.475,31.22697425,13.79203175,7.35669525,8.9300925,9.0
232,M,1.4125,1.1,0.375,26.32251075,11.43902325,6.44951125,7.5126175,11.0
233,F,1.6125,1.25,0.425,41.23434775,17.10892325,8.83086925,12.8990225,14.0
234,I,0.475,0.325,0.075,0.66621325,0.3118445,0.226796,0.18931875,4.0
235,M,1.1,0.85,0.3,13.45183775,6.0384435,3.4869885,4.1106775,8.0
236,M,1.025,0.75,0.2375,8.901743,3.50116325,2.0128145,2.551455,7.0
237,I,0.9625,0.725,0.225,8.107957,3.44446425,1.7860185,2.4097075,7.0
238,F,1.3125,1.0,0.3625,20.97863,7.3992195,4.706017,6.9456275,10.0
239,M,1.7125,1.35,0.475,50.7739545,20.73765925,10.77281,12.3320325,14.0
240,F,1.4625,1.1375,0.3625,29.95124675,12.26115875,6.50621025,8.788345,14.0
241,M,1.625,1.2875,0.475,39.19318375,17.4349425,8.88756825,11.509897,13.0
242,F,1.4625,1.15,0.3875,28.02348075,11.69416875,6.25106475,7.654365,13.0
243,I,0.325,0.2625,0.0875,0.41106775,0.1417475,0.09922325,0.1417475,4.0
244,I,0.9125,0.675,0.2125,5.556502,2.211261,1.2190285,1.984465,6.0
245,I,1.25,0.95,0.35,18.427175,7.0590255,4.66349275,5.953395,9.0
246,M,1.675,1.4,0.4125,45.91201525,17.2081465,10.262519,11.3398,10.0
247,F,1.5125,1.175,0.4125,28.19357775,13.1825175,5.40057975,7.7961125,9.0
248,F,1.475,1.2375,0.4,36.3157095,11.97766375,7.01650125,14.17475,16.0
249,M,1.4375,1.125,0.3625,24.67823975,12.23280925,5.93922025,7.087375,9.0
250,F,1.5,1.1875,0.4,31.56716825,11.623295,6.2652395,9.922325,16.0
251,F,1.525,1.1875,0.425,33.29648775,15.6978555,7.881161,9.7805775,11.0
252,M,1.7125,1.325,0.525,55.46579675,21.92833825,11.963489,18.5689225,10.0
253,F,1.4375,1.125,0.3625,22.75047375,9.17106325,4.57844425,6.23689,12.0
254,M,1.525,1.0875,0.4125,30.1922175,14.21727425,7.427569,8.0796075,10.0
255,F,1.6,1.2625,0.4,39.2073585,17.8885345,9.525432,10.61688775,11.0
256,M,1.475,1.0625,0.325,24.79163775,12.23280925,4.706017,5.6699,8.0
257,I,0.5875,0.4125,0.1375,1.99863975,0.7087375,0.35436875,0.4252425,6.0
258,M,1.5375,1.1875,0.4375,35.50774875,14.98271075,7.66853975,11.1980525,15.0
259,F,1.5,1.2125,0.4375,32.545226,13.5227115,7.4559185,8.6465975,10.0
260,I,0.9625,0.6875,0.2125,7.10154975,2.721552,1.7293195,2.26796,6.0
261,M,1.6375,1.3125,0.4625,39.745999,18.427175,8.32057825,11.4815475,6.0
262,I,1.125,0.8375,0.3,11.5382465,4.86193925,2.721552,3.2601925,7.0
263,I,1.025,0.7875,0.2375,7.95203475,3.118445,1.43164975,2.6932025,7.0
264,M,1.2625,1.0,0.3,17.90270925,8.12213175,4.025629,5.386405,8.0
265,I,0.8375,0.6,0.1875,4.8477645,2.11203775,0.97805775,1.530873,7.0
266,F,1.5875,1.2125,0.45,35.4652245,14.855138,8.03708325,10.489315,13.0
267,M,1.6875,1.3125,0.4375,42.2124055,16.96717575,10.6310625,12.54465375,10.0
268,F,1.5625,1.2375,0.45,34.60056475,15.592225,6.4353365,10.0640725,12.0
269,I,1.125,0.8625,0.2625,14.5432935,6.350288,3.061746,3.7704835,11.0
270,M,1.45,1.1375,0.375,27.839209,11.113004,6.2652395,7.087375,10.0
271,M,1.5625,1.2125,0.375,30.43318825,14.84096325,7.6260155,8.845044,13.0
272,M,1.4625,1.1125,0.35,27.895908,13.891255,5.82582225,7.030676,9.0
273,I,1.0375,0.7625,0.225,8.68912175,3.41611475,1.68679525,2.67902775,6.0
274,F,1.3,1.0375,0.35,19.731252,9.865626,4.40834725,5.386405,9.0
275,F,1.5625,1.2375,0.4375,35.81959325,15.43630275,7.9095105,9.63883,10.0
276,M,1.7,1.35,0.4375,41.80133775,18.540573,10.24834425,10.44679075,9.0
277,F,1.4,1.1375,0.3625,26.80445225,10.04989775,5.556502,8.3631025,17.0
278,M,1.4125,1.1,0.4375,25.3728025,10.75863525,6.123492,7.37087,15.0
279,M,0.9875,0.75,0.3,8.71747125,3.58621175,1.85689225,2.4097075,9.0
280,I,1.175,0.9,0.3125,12.34620725,4.72019175,2.608154,3.5436875,9.0
281,M,1.55,1.225,0.3125,31.18445,11.18387775,6.13766675,8.3631025,14.0
282,F,1.75,1.4125,0.5,62.652395,31.978236,14.514944,14.17475,11.0
283,M,1.3375,1.05,0.4125,25.51455,8.85921875,6.010094,9.8939755,15.0
284,M,1.6375,1.2875,0.4375,39.745999,17.973583,8.43397625,11.7650425,11.0
285,F,1.4375,1.15,0.35,24.70658925,11.453198,4.422522,7.2291225,16.0
286,F,1.2875,1.0,0.35,20.19901875,9.07184,5.25883225,4.9611625,9.0
287,I,1.1,0.825,0.25,10.41844125,4.422522,2.83495,3.40194,7.0
288,I,0.6125,0.4375,0.1625,2.26796,0.89300925,0.396893,0.5953395,1.0
289,F,1.6,1.25,0.475,38.55532,18.3421265,8.85921875,9.7238785,12.0
290,F,1.3125,0.9625,0.3625,21.36134825,11.0846545,4.2807745,5.2446575,11.0
291,M,1.2625,0.975,0.325,18.767369,8.164656,4.52174525,4.66349275,10.0
292,I,0.525,0.375,0.1125,1.304077,0.4819415,0.18427175,0.3685435,4.0
293,M,1.4125,1.0875,0.3,22.89222125,8.731646,5.329706,8.17883075,14.0
294,I,1.325,1.0,0.3625,17.05222425,7.27164675,4.06815325,4.819415,9.0
295,M,1.0,0.75,0.225,8.5331995,4.0539785,1.8427175,2.551455,9.0
296,I,0.7,0.525,0.1625,3.41611475,1.13398,0.83631025,1.13398,5.0
297,M,1.475,1.1375,0.3875,27.51318975,12.34620725,6.406987,7.2291225,9.0
298,F,1.6125,1.275,0.4125,42.48172575,17.19397175,8.54737425,11.5382465,19.0
299,I,0.6375,0.4625,0.1875,2.83495,1.077281,0.5953395,1.03475675,5.0
300,F,1.6,1.2625,0.4125,38.8104655,16.65533125,8.164656,10.489315,10.0
301,F,1.3625,1.05,0.3375,19.901349,8.20718025,6.010094,6.23689,10.0
302,F,1.4125,1.075,0.375,29.8520235,11.9351395,6.3219385,8.50485,14.0
303,I,0.5,0.3625,0.1,1.0489315,0.35436875,0.226796,0.3118445,4.0
304,I,1.025,0.7625,0.2375,8.8733935,3.92640575,1.8427175,2.551455,8.0
305,F,1.2375,0.9625,0.3125,17.76096175,7.93786,3.01922175,4.9611625,9.0
306,M,1.3125,1.0125,0.375,25.27357925,7.10154975,5.5281525,8.3631025,12.0
307,M,1.425,1.1,0.375,25.8263945,9.695529,4.3374735,8.9300925,17.0
308,M,1.375,1.075,0.3625,26.18076325,12.47378,6.02426875,6.9456275,8.0
309,M,1.5875,1.2,0.4125,29.44095575,13.59358525,6.4353365,8.50485,8.0
310,M,1.4625,1.1625,0.4,25.2594045,10.77281,6.30776375,7.93786,10.0
311,I,0.85,0.6375,0.1875,5.10291,1.99863975,1.247378,1.5592225,6.0
312,F,1.375,1.0625,0.3375,21.6873675,9.99319875,5.23048275,5.2446575,10.0
313,F,1.65,1.3125,0.4125,36.10308825,13.6361095,8.8166945,10.035723,9.0
314,M,1.575,1.2125,0.4375,38.9805625,15.06775925,7.98038425,11.623295,11.0
315,F,1.55,1.225,0.4,32.2333815,14.344847,7.75358825,8.221355,10.0
316,M,0.7125,0.525,0.1625,2.608154,1.09145575,0.66621325,0.850485,5.0
317,F,1.525,1.1625,0.4,27.99513125,12.68640125,6.3786375,7.9095105,9.0
318,I,1.0625,0.8,0.2125,9.36950975,3.78465825,1.814368,2.9766975,8.0
319,M,1.5875,1.25,0.425,37.874932,19.731252,8.0229085,9.31281075,9.0
320,M,1.4375,1.1125,0.35,22.29688175,10.432616,4.83358975,6.23689,11.0
321,M,1.075,0.8375,0.3125,11.509897,4.932813,2.2963095,3.8271825,11.0
322,I,0.9,0.675,0.2,5.28718175,2.494756,0.92135875,1.5592225,6.0
323,M,1.475,1.1125,0.3875,22.055911,8.8733935,4.8477645,8.3631025,14.0
324,M,1.225,0.9375,0.3125,13.11164375,5.4714535,3.061746,4.819415,9.0
325,F,1.675,1.35,0.4875,44.111822,19.220961,10.75863525,10.319218,11.0
326,M,1.2625,0.9625,0.3125,16.42853525,6.67630725,3.67126025,6.23689,9.0
327,M,0.75,0.575,0.1625,3.81300775,1.5592225,0.793786,1.13398,6.0
328,M,1.375,1.1125,0.375,22.21183325,10.149121,4.60679375,6.520385,10.0
329,I,0.7125,0.5375,0.1875,3.67126025,1.2757275,0.77961125,0.850485,6.0
330,I,1.1,0.875,0.3,14.004653,7.087375,3.7137845,3.69960975,8.0
331,I,0.7625,0.525,0.2,3.96893,1.60174675,1.03475675,1.417475,7.0
332,F,1.6625,1.35,0.4125,39.7743485,19.63202875,6.67630725,9.355335,11.0
333,M,1.25,0.9625,0.3625,19.80212575,9.6671795,5.06038575,3.96893,8.0
334,I,1.025,0.8125,0.25,9.1001895,4.3941725,1.88524175,2.6932025,7.0
335,I,1.0125,0.775,0.2375,7.98038425,3.061746,1.48834875,2.45223175,8.0
336,I,0.525,0.375,0.125,1.020582,0.35436875,0.226796,0.3118445,6.0
337,I,0.825,0.625,0.1875,3.92640575,1.6159215,0.907184,1.417475,5.0
338,I,0.7625,0.575,0.2125,3.9972795,1.247378,0.89300925,1.13398,5.0
339,M,1.4375,1.125,0.3875,28.64716975,10.4042665,6.2085405,9.4970825,13.0
340,I,0.7875,0.575,0.2,3.6003865,1.4458245,0.8788345,1.13398,6.0
341,M,1.125,0.8375,0.3,12.0485375,4.9044635,2.721552,3.2601925,8.0
342,M,1.575,1.2625,0.4625,33.35318675,14.21727425,9.695529,9.922325,11.0
343,I,0.5625,0.35,0.125,1.48834875,0.46776675,0.4252425,0.340194,5.0
344,I,1.425,1.075,0.3625,22.6796,9.525432,4.40834725,6.80388,9.0
345,M,1.55,1.1625,0.45,28.64716975,13.11164375,7.10154975,8.6465975,9.0
346,F,1.5,1.15,0.425,31.638042,12.94154675,6.917278,9.7805775,15.0
347,I,0.9625,0.725,0.2125,5.3013565,2.14038725,1.190679,1.644271,7.0
348,I,0.8875,0.6625,0.2,5.6982495,2.7499015,1.06310625,1.984465,7.0
349,I,0.475,0.325,0.075,0.89300925,0.26932025,0.09922325,0.226796,3.0
350,M,1.425,1.125,0.375,24.13959925,11.58077075,4.94698775,7.200773,8.0
351,M,1.375,1.075,0.4,20.87940675,8.37727725,4.66349275,7.7961125,10.0
352,I,1.025,0.8125,0.25,9.51125725,3.6570855,1.7860185,2.9199985,6.0
353,M,1.525,1.2125,0.3875,31.18445,14.04717725,7.41339425,9.4970825,10.0
354,F,1.5625,1.175,0.325,32.375129,16.51358375,6.13766675,7.7961125,9.0
355,M,1.5625,1.225,0.4125,34.5013415,14.10387625,7.52679225,8.9300925,19.0
356,M,1.55,1.2,0.4375,33.5374585,14.401546,7.3425205,9.4970825,11.0
357,F,1.6375,1.2125,0.3875,36.117263,17.78931125,8.77417025,8.77417025,10.0
358,F,1.4625,1.15,0.35,29.937072,12.133586,7.087375,7.5126175,9.0
359,I,1.2125,0.95,0.3125,16.31513725,6.633783,3.72795925,5.2446575,8.0
360,I,0.8125,0.6125,0.1875,4.80524025,2.438057,1.00640725,1.7293195,6.0
361,I,0.5875,0.4,0.1375,1.77184375,0.7654365,0.35436875,0.510291,5.0
362,I,0.9375,0.725,0.2375,7.72523875,3.2601925,1.63009625,2.05533875,6.0
363,F,1.65,1.4,0.45,47.513762,18.21455375,10.9145575,14.5999925,20.0
364,I,0.875,0.625,0.225,5.5848515,2.22543575,1.00640725,1.8427175,7.0
365,I,1.35,1.05,0.3125,20.8935815,9.31281075,4.2240755,6.23689,9.0
366,I,0.775,0.5875,0.175,4.252425,1.587572,0.92135875,1.417475,6.0
367,M,1.3375,1.025,0.4,22.89222125,8.77417025,5.1312595,7.0590255,12.0
368,I,1.4375,1.125,0.325,22.4244545,9.8939755,4.989512,6.23689,9.0
369,M,1.2375,0.95,0.3125,16.93882625,7.654365,3.7137845,4.3941725,8.0
370,F,1.5125,1.2,0.4,25.4295015,9.695529,5.06038575,8.788345,12.0
371,F,1.25,0.9625,0.3125,17.70426275,6.8889285,3.01922175,5.00368675,10.0
372,M,1.5625,1.225,0.4875,33.962701,13.6361095,5.8683465,11.4815475,17.0
373,F,1.4,1.0625,0.3375,22.11261,8.54737425,5.2446575,6.6621325,12.0
374,I,1.0625,0.8125,0.2375,9.25611175,5.14543425,1.8427175,2.551455,7.0
375,F,1.575,1.2,0.425,35.19590425,15.46465225,8.9300925,9.63883,10.0
376,M,1.375,1.1,0.3875,22.01338675,8.164656,5.25883225,6.6621325,14.0
377,M,1.7,1.3375,0.4625,50.4912475,20.695135,9.241937,13.04077,10.0
378,F,1.75,1.4125,0.5375,49.668324,15.1669825,11.97766375,16.44271,15.0
379,F,1.5125,1.2,0.4,30.957654,12.8990225,6.4353365,10.0640725,9.0
380,F,1.25,0.95,0.3125,16.68368075,7.654365,3.7137845,4.3941725,7.0
381,I,0.625,0.45,0.1625,1.88524175,0.8788345,0.38271825,0.60951425,5.0
382,I,1.2875,0.95,0.3,15.37960375,6.90310325,3.118445,3.685435,7.0
383,F,1.4,1.0875,0.3625,24.8058125,12.74310025,5.1879585,6.3786375,9.0
384,M,1.6375,1.275,0.3875,41.560367,17.56251525,8.391452,11.3398,9.0
385,F,1.575,1.3125,0.4375,38.838815,15.52135125,7.7961125,11.3398,12.0
386,I,0.625,0.475,0.15,2.26796,0.83631025,0.396893,0.7087375,4.0
387,F,1.5375,1.1875,0.425,34.7848365,13.60776,6.42116175,11.623295,20.0
388,F,1.6875,1.3,0.4375,41.71628925,17.8885345,8.57572375,11.90679,14.0
389,M,1.4125,1.0625,0.375,27.78251,13.777857,4.5075705,6.3219385,8.0
390,F,1.2125,0.8625,0.3125,12.6155275,4.69184225,2.70737725,4.3941725,8.0
391,M,1.3,1.025,0.4125,26.12406425,9.8372765,6.23689,8.3631025,13.0
392,I,1.2375,0.9875,0.325,18.0019325,9.48290775,3.78465825,5.953395,8.0
393,F,1.625,1.2625,0.4375,38.782116,17.519991,8.29222875,10.3475675,11.0
394,M,0.6875,0.525,0.15,2.83495,0.97805775,0.623689,0.850485,5.0
395,M,1.5625,1.1875,0.475,31.9498865,13.48018725,6.13766675,9.31281075,9.0
396,M,1.675,1.3,0.375,36.173962,17.44911725,8.00873375,10.20582,12.0
397,M,1.375,1.0,0.3375,18.71067,8.4198015,4.57844425,5.0178615,9.0
398,I,0.775,0.5625,0.175,3.72795925,1.360776,0.8788345,1.13398,6.0
399,I,0.7125,0.525,0.1625,2.721552,1.14815475,0.58116475,0.850485,8.0
400,I,1.125,0.825,0.2625,10.41844125,4.8477645,2.5231055,3.40194,8.0
401,I,1.475,1.125,0.3625,22.4244545,10.02154825,5.1312595,6.9456275,9.0
402,I,1.05,0.8125,0.225,8.561549,3.912231,1.7293195,2.4097075,7.0
403,F,1.325,1.0625,0.325,23.0481435,11.35397475,5.71242425,5.2446575,8.0
404,M,1.55,1.2125,0.4375,34.2178465,15.03940975,7.41339425,10.489315,14.0
405,F,1.625,1.2625,0.4125,35.550273,16.48523425,8.54737425,9.02931575,11.0
406,F,1.7125,1.3375,0.5,44.9906565,19.4761065,8.49067525,13.60776,12.0
407,I,1.25,0.9625,0.3375,14.004653,6.3786375,2.9199985,3.9972795,8.0
408,M,0.6125,0.4375,0.1375,1.077281,0.510291,0.18427175,0.29766975,6.0
409,M,1.6125,1.3125,0.45,49.34230475,22.07008575,11.5382465,13.60776,13.0
410,M,1.375,1.075,0.325,18.21455375,9.695529,4.706017,5.03203625,10.0
411,F,1.2625,1.0,0.375,17.19397175,6.2085405,3.86970675,5.9250455,13.0
412,M,1.3125,1.0125,0.3625,22.77882325,10.61688775,4.422522,6.23689,9.0
413,M,1.55,1.1875,0.4125,39.745999,19.731252,8.32057825,9.525432,10.0
414,M,1.6125,1.225,0.375,31.467945,13.437663,6.80388,9.07184,11.0
415,M,1.6125,1.25,0.475,41.80133775,18.200379,8.731646,11.7650425,17.0
416,I,1.0125,0.75,0.225,8.561549,3.515338,1.74349425,2.26796,6.0
417,F,1.375,1.0625,0.3625,23.43086175,10.61688775,4.49339575,8.3631025,11.0
418,F,1.4625,1.1625,0.3125,27.62658775,8.1930055,5.6415505,10.3475675,15.0
419,I,0.95,0.75,0.2125,7.98038425,3.55786225,1.5592225,2.551455,6.0
420,I,1.3,1.025,0.35,20.97863,8.34892775,4.63514325,5.14543425,9.0
421,F,1.0,0.75,0.25,8.40562675,3.96893,1.77184375,3.16096925,12.0
422,I,1.15,0.9125,0.3125,15.4504775,6.3219385,2.76407625,4.876114,8.0
423,I,1.2375,0.95,0.3625,18.12950525,8.278054,4.479221,5.386405,11.0
424,M,1.25,0.9375,0.35,19.447757,7.8528115,3.78465825,5.159609,11.0
425,M,1.35,1.0625,0.4,23.11901725,10.41844125,4.8477645,7.654365,11.0
426,F,1.4125,1.125,0.35,23.71435675,11.0846545,4.09650275,6.520385,10.0
427,I,1.1875,0.8875,0.3125,16.2442635,8.391452,3.515338,3.9972795,7.0
428,F,1.6125,1.25,0.425,40.83745475,11.9918385,9.241937,10.61688775,18.0
429,I,0.7,0.525,0.15,2.381358,0.83631025,0.623689,0.850485,5.0
430,M,1.4125,1.1,0.375,27.499015,12.94154675,6.90310325,8.9300925,9.0
431,F,1.5625,1.225,0.3875,34.79901125,17.293195,7.29999625,8.0796075,9.0
432,F,1.575,1.2625,0.4,36.457457,14.2597985,8.60407325,10.3475675,11.0
433,F,1.5625,1.225,0.425,33.35318675,15.46465225,8.221355,9.7805775,11.0
434,F,1.3875,1.1375,0.375,26.54930675,12.28950825,5.00368675,8.221355,10.0
435,I,1.125,0.875,0.2625,12.7289255,5.3013565,2.324659,3.685435,8.0
436,F,1.45,1.15,0.3875,22.97726975,9.752228,5.14543425,7.5126175,11.0
437,M,1.3,0.9625,0.3,18.653971,8.71747125,3.52951275,4.819415,9.0
438,I,1.1875,0.9125,0.25,11.66581925,5.556502,2.22543575,2.778251,6.0
439,F,1.4,1.0375,0.375,24.720764,12.77144975,5.54232725,5.2446575,8.0
440,F,1.5125,1.2,0.4125,28.50542225,13.70698325,6.917278,8.3631025,10.0
441,F,1.375,1.05,0.35,27.499015,13.154168,5.54232725,7.7961125,11.0
442,I,1.4125,1.075,0.375,22.75047375,10.4609655,4.86193925,6.3786375,9.0
443,F,1.625,1.2625,0.4875,36.55668025,16.5277585,8.60407325,11.623295,12.0
444,I,0.8125,0.65,0.175,5.10291,2.664853,1.37495075,1.5592225,5.0
445,M,1.3875,1.0875,0.425,26.251637,11.453198,6.577084,7.2291225,12.0
446,F,1.5,1.25,0.4125,35.62114675,15.705623,8.278054,9.07184,10.0
447,F,1.45,1.1375,0.3875,31.524644,10.81533425,6.2652395,10.3475675,11.0
448,I,0.9375,0.7,0.225,6.70465675,2.05533875,1.43164975,2.1262125,7.0
449,F,1.2625,0.975,0.325,18.44134975,8.448151,4.52174525,5.5281525,12.0
450,I,0.8125,0.6125,0.1875,4.09650275,2.26796,0.92135875,1.8427175,6.0
451,I,1.175,0.925,0.35,14.118051,5.06038575,3.30271675,4.29494925,8.0
452,M,1.4375,1.125,0.375,26.2232875,11.4815475,5.273007,7.7961125,8.0
453,M,1.375,1.05,0.325,20.97863,9.02931575,4.932813,5.2446575,9.0
454,M,1.35,1.05,0.425,23.79940525,9.42620875,4.60679375,8.221355,9.0
455,I,0.925,0.6875,0.2,6.13766675,2.721552,1.0489315,1.984465,6.0
456,M,1.3,1.0375,0.35,18.71067,8.63242275,4.195726,4.9611625,8.0
457,M,1.625,1.3,0.425,41.8863863,18.9091165,9.6671795,10.3475675,11.0
458,M,1.25,0.975,0.3375,17.61921425,9.6671795,3.6003865,5.2446575,8.0
459,F,1.475,1.175,0.375,26.08154,11.679994,6.59125875,7.5126175,9.0
460,M,1.5125,1.225,0.375,37.0527965,14.911837,8.34892775,9.355335,11.0
461,F,1.7875,1.325,0.4375,44.4803655,16.42853525,9.412034,15.4504775,14.0
462,F,1.4875,1.125,0.3875,37.32211675,14.7133905,7.07320025,10.20582,10.0
463,M,1.4375,1.125,0.3125,27.895908,13.56523575,5.59902625,6.3786375,8.0
464,I,1.1,0.8,0.3125,13.551061,6.860579,2.608154,3.2601925,6.0
465,M,1.75,1.35,0.55,45.68521925,18.92329125,8.29222875,14.3164975,11.0
466,F,1.5625,1.2,0.45,33.40988575,12.47378,7.07320025,11.056305,17.0
467,I,1.375,1.075,0.3625,19.17843675,8.448151,3.6003865,6.180191,10.0
468,F,1.25,1.0125,0.3375,17.179797,7.8528115,3.95475525,5.2446575,9.0
469,F,1.25,1.0,0.35,18.83824275,8.561549,3.515338,5.6699,16.0
470,M,1.5625,1.25,0.4125,37.74735925,16.93882625,8.391452,10.0640725,11.0
471,F,0.8625,0.6375,0.225,5.85417175,2.211261,1.304077,1.70097,10.0
472,I,0.9875,0.7625,0.225,7.994559,2.76407625,1.77184375,2.721552,6.0
473,F,1.45,1.125,0.4125,28.2644515,13.08329425,5.2446575,6.520385,11.0
474,I,1.1,0.85,0.3125,14.38737125,5.99591925,2.948348,3.86970675,9.0
475,I,1.2125,1.0125,0.3125,17.123098,7.24329725,3.6570855,4.706017,9.0
476,F,1.4625,1.15,0.4,25.92561775,12.06271225,5.4714535,7.5126175,9.0
477,M,1.5125,1.2375,0.4125,32.41765325,13.93377925,6.93145275,9.922325,11.0
478,F,1.5,1.175,0.4125,32.601925,12.23280925,8.0796075,8.9300925,14.0
479,I,1.45,1.15,0.3875,25.897921,12.37455675,5.25883225,7.41339425,9.0
480,I,1.3625,1.0,0.35,21.92833825,10.9712565,4.422522,6.23689,9.0
481,M,1.6125,1.3,0.4375,41.97143475,18.83824275,9.412034,11.90679,10.0
482,M,1.475,1.175,0.4125,31.3261975,13.324265,6.6054335,10.20582,14.0
483,F,1.4125,1.1,0.375,26.94619975,12.94154675,5.45727875,7.5126175,12.0
484,F,1.45,1.0875,0.3625,25.741346,11.35397475,6.293589,7.2291225,10.0
485,I,1.325,1.025,0.325,19.74542675,9.48290775,3.6570855,5.10291,8.0
486,I,1.1125,0.85,0.35,12.7856245,5.10291,3.04757125,4.1106775,8.0
487,M,1.375,1.0375,0.3625,19.97222275,7.314171,4.422522,7.2291225,11.0
488,I,1.0375,0.7625,0.2625,9.25611175,4.6776675,1.74349425,2.551455,9.0
489,M,1.6375,1.2625,0.475,40.83745475,18.0586315,8.391452,9.2135875,10.0
490,I,0.8875,0.6625,0.2,5.783298,1.77184375,0.94970825,1.8427175,8.0
491,F,1.2375,0.9625,0.325,16.25843825,6.8322295,3.04757125,5.5281525,16.0
492,M,1.525,1.225,0.4125,30.0221205,14.628342,6.577084,9.07184,9.0
493,I,1.175,0.85,0.3125,13.39513875,5.54232725,2.93417325,3.96893,8.0
494,M,1.425,1.15,0.425,34.8415355,14.6566915,7.52679225,9.63883,17.0
495,F,1.4125,1.15,0.375,28.8314415,12.1619355,5.2446575,7.5126175,8.0
496,I,0.9375,0.6625,0.2375,5.5848515,2.721552,1.11980525,1.644271,6.0
497,F,1.425,1.15,0.3625,26.80445225,10.84368375,5.556502,6.3219385,10.0
498,F,1.5875,1.2125,0.4,31.9498865,15.081934,6.4920355,8.221355,11.0
499,M,1.25,0.95,0.35,14.04717725,5.74077375,3.345241,4.53592,10.0
500,I,1.125,0.85,0.2625,11.21222725,6.293589,2.84912475,3.118445,7.0
501,I,0.875,0.6375,0.2125,4.43669675,1.927766,1.09145575,1.70097,5.0
502,F,1.5625,1.2625,0.475,37.15201975,15.4504775,7.47009325,10.20582,11.0
503,M,1.575,1.2875,0.4125,35.777069,13.2959155,7.49844275,11.623295,13.0
504,I,0.775,0.55,0.2,4.43669675,1.91359125,1.03475675,1.360776,9.0
505,M,1.575,1.2625,0.4625,37.42134,15.30873,9.39785925,10.886208,11.0
506,I,0.4,0.325,0.1125,0.510291,0.2551455,0.21262125,0.283495,4.0
507,M,1.3625,1.025,0.4125,22.41027975,10.319218,4.5075705,6.3786375,13.0
508,I,1.0,0.775,0.225,9.31281075,3.98310475,1.5025235,2.2963095,7.0
509,I,0.95,0.7125,0.25,6.53455975,2.67902775,1.31825175,2.1262125,7.0
510,M,1.5625,1.2375,0.425,35.76289425,15.26620575,7.98038425,8.788345,10.0
511,I,0.5625,0.4875,0.1,1.06310625,0.510291,0.18427175,0.4252425,6.0
512,I,1.1375,0.8875,0.35,14.81261375,5.6699,3.01922175,4.6776675,8.0
513,F,1.575,1.2625,0.425,35.50774875,14.628342,7.41339425,10.20582,10.0
514,I,0.7,0.525,0.1875,3.005047,1.1056305,1.17650425,0.9922325,5.0
515,I,0.925,0.6875,0.2375,6.577084,2.438057,1.88524175,2.1262125,8.0
516,M,1.575,1.2875,0.375,30.277266,12.757275,7.2858215,8.9300925,10.0
517,F,1.6625,1.3625,0.45,46.84754875,17.3215445,9.36950975,13.04077,11.0
518,M,1.5,1.1375,0.4375,34.65726375,15.2803805,8.54737425,9.2135875,10.0
519,M,1.175,0.925,0.3125,12.927372,4.6776675,2.70737725,4.819415,9.0
520,M,1.0125,0.775,0.225,9.015141,4.3374735,1.984465,2.6932025,7.0
521,F,1.575,1.225,0.4375,33.46658475,13.9763035,8.107957,9.922325,9.0
522,F,1.325,0.9875,0.3375,19.43358225,10.432616,3.9405805,5.2446575,7.0
523,I,1.675,1.3125,0.5,47.116869,17.463292,8.845044,16.44271,22.0
524,F,1.525,1.2,0.425,31.02852775,10.375917,7.881161,9.7805775,13.0
525,M,1.375,1.075,0.375,24.2388225,11.679994,6.577084,6.520385,10.0
526,M,1.125,0.825,0.25,13.99047825,6.123492,3.288542,3.8271825,7.0
527,M,1.4125,1.1,0.3625,27.895908,13.4660125,6.2652395,7.540967,9.0
528,F,1.325,1.025,0.35,19.74542675,7.75358825,4.60679375,6.23689,12.0
529,M,1.55,1.2125,0.4125,31.25532375,13.79203175,7.711064,7.654365,10.0
530,I,1.15,0.875,0.35,13.08329425,6.350288,2.50893075,3.2601925,7.0
531,F,1.6375,1.2125,0.5,49.8667705,18.8524175,7.7394135,15.30873,17.0
532,I,0.6875,0.4875,0.15,3.30271675,1.360776,0.58116475,0.7087375,6.0
533,I,1.575,1.225,0.425,33.4807595,12.28950825,7.824462,9.07184,11.0
534,M,1.55,1.225,0.4125,32.50270175,13.62193475,6.59125875,9.922325,10.0
535,I,0.875,0.6625,0.2125,5.556502,2.25378525,1.57339725,1.3891255,7.0
536,M,0.975,0.725,0.2375,8.32057825,3.44446425,1.31825175,2.26796,7.0
537,M,1.5,1.1875,0.4125,33.26813825,13.437663,6.95980225,9.355335,21.0
538,I,1.325,1.025,0.325,23.00561925,9.48290775,5.25883225,6.80388,15.0
539,I,1.3875,1.0625,0.3375,23.43086175,10.149121,4.37999775,6.23689,9.0
540,F,1.225,0.875,0.2875,17.50581625,7.087375,3.96893,5.2446575,11.0
541,M,1.525,1.1875,0.4,27.82503425,12.23280925,5.20213325,7.7961125,10.0
542,I,1.0,0.8125,0.3,9.36950975,3.98310475,1.8994165,2.6932025,9.0
543,M,1.275,0.9375,0.3125,15.2236815,7.52679225,3.01922175,4.819415,8.0
544,I,1.025,0.7625,0.2375,9.73805325,4.63514325,1.77184375,2.83495,7.0
545,F,1.3375,1.0125,0.375,24.42309425,11.0846545,6.0951425,6.80388,9.0
546,F,1.425,1.1625,0.3875,26.54930675,10.6877615,5.1879585,8.6465975,10.0
547,M,1.525,1.2125,0.4125,35.33765175,13.99047825,7.27164675,10.0640725,13.0
548,M,1.25,0.9875,0.3,15.87572,7.52679225,3.175144,4.3941725,9.0
549,M,1.5625,1.25,0.4,31.808139,12.40290625,6.577084,10.6310625,16.0
550,I,0.825,0.6125,0.1625,4.91863825,2.19708625,1.077281,1.417475,6.0
551,F,1.4375,1.1375,0.3625,26.46425825,12.96989625,5.59902625,8.9300925,9.0
552,I,0.6375,0.5125,0.175,2.0695135,0.793786,0.58116475,0.7087375,5.0
553,F,1.2125,0.925,0.3,15.43630275,6.8322295,3.75630875,4.3941725,8.0
554,I,1.4625,1.1625,0.35,23.43086175,10.73028575,4.309124,6.3786375,8.0
555,F,1.5375,1.1875,0.3875,30.8159065,14.5432935,6.577084,8.50485,12.0
556,M,1.3625,1.075,0.375,21.50309575,8.88756825,4.139027,6.520385,8.0
557,I,0.7,0.525,0.1875,2.83495,1.20485375,0.623689,0.9922325,5.0
558,F,1.55,1.25,0.4375,32.44600275,15.025235,7.257472,8.9300925,8.0
559,I,1.1875,0.9375,0.25,14.571643,6.59125875,2.6365035,3.685435,7.0
560,F,1.4875,1.2125,0.4125,29.1149365,11.18387775,6.22271525,9.355335,14.0
561,I,1.175,0.9375,0.3125,13.437663,5.6699,2.90582375,3.84135725,7.0
562,I,1.15,0.9125,0.3,14.571643,6.8322295,2.65067825,4.3941725,11.0
563,I,1.15,0.8625,0.275,10.75863525,4.32329875,2.097863,3.118445,7.0
564,F,1.5,1.1875,0.3625,24.720764,11.679994,5.17378375,7.37087,10.0
565,F,1.5625,1.2125,0.425,33.43823525,13.25339125,8.60407325,9.07184,8.0
566,F,1.6875,1.3,0.3875,41.39027,18.5122235,8.85921875,10.5176645,13.0
567,I,1.125,0.875,0.275,13.777857,5.4147545,2.778251,4.025629,9.0
568,F,1.4875,1.1875,0.3875,29.8520235,13.87708025,6.59125875,7.654365,8.0
569,M,1.4375,1.125,0.3625,24.834162,12.94154675,5.386405,7.540967,10.0
570,F,1.25,1.0,0.325,20.3265915,9.48290775,4.025629,5.5281525,8.0
571,M,1.85,1.4875,0.5125,54.090846,25.3728025,11.9918385,14.10387625,14.0
572,I,1.225,0.9875,0.35,16.31513725,6.9456275,3.72795925,5.2446575,8.0
573,I,1.125,0.8375,0.3375,10.2908685,4.69184225,2.33883375,3.118445,7.0
574,I,1.4,1.1125,0.35,23.71435675,9.05766525,6.90310325,6.0951425,8.0
575,M,1.625,1.275,0.475,41.8722115,18.9091165,9.6104805,12.6155275,27.0
576,M,1.075,0.8125,0.2875,10.33339275,4.309124,2.097863,3.118445,9.0
577,I,1.0,0.8,0.25,8.46232575,3.21766825,1.65844575,2.6932025,7.0
578,F,1.475,1.1875,0.3625,31.59551775,14.401546,6.80388,7.6260155,10.0
579,I,1.3,0.95,0.3375,15.83319575,7.3425205,3.40194,4.819415,9.0
580,I,1.4375,1.0875,0.3625,24.9192105,11.09882925,4.6776675,7.881161,9.0
581,M,1.575,1.225,0.375,26.54930675,12.1619355,5.499803,8.221355,9.0
582,I,1.125,0.8375,0.3375,14.0330025,7.10154975,3.24601775,3.96893,7.0
583,I,1.0125,0.75,0.25,7.9095105,3.55786225,1.70097,2.1262125,7.0
584,M,1.5625,1.225,0.475,34.74231225,15.03940975,8.54737425,9.31281075,10.0
585,I,1.175,0.925,0.2875,12.984071,5.896696,2.73572675,2.6932025,7.0
586,M,1.5625,1.2,0.3875,35.6920205,16.896302,8.77417025,7.654365,9.0
587,M,1.575,1.2,0.4375,40.9083285,18.80989325,7.04485075,9.76640275,9.0
588,I,0.9125,0.6625,0.2,6.8322295,2.948348,1.54504775,1.984465,6.0
589,I,1.3125,0.9875,0.3,17.293195,8.09378225,3.7137845,4.7343665,8.0
590,F,1.5625,1.225,0.4375,32.47435225,14.18892475,7.66853975,8.9300925,11.0
591,I,0.9375,0.675,0.2375,6.1518415,2.7499015,1.247378,1.984465,7.0
592,F,1.45,1.075,0.3375,23.019794,11.12717875,4.6776675,6.9456275,9.0
593,M,1.575,1.25,0.4375,33.92017675,20.68096025,6.4353365,9.51125725,12.0
594,M,1.625,1.2875,0.4625,39.2073585,18.58309725,8.34892775,9.922325,11.0
595,F,1.3125,1.0,0.35,20.241543,9.99319875,4.3941725,5.2446575,7.0
596,M,1.5375,1.2125,0.3875,34.8415355,13.4660125,6.7755305,13.4660125,16.0
597,M,1.6375,1.275,0.45,38.8671645,15.422128,7.01650125,12.6155275,11.0
598,F,1.375,1.075,0.35,24.777463,10.8011595,6.05261825,6.23689,12.0
599,I,1.3,1.0,0.325,16.839603,7.7961125,3.72795925,5.10291,8.0
600,F,1.2625,0.9375,0.375,21.38969775,9.82310175,4.479221,6.23689,8.0
601,F,1.4125,1.1,0.375,25.51455,10.98543125,5.159609,7.654365,10.0
602,I,0.9125,0.675,0.2125,5.896696,2.7499015,1.17650425,1.8427175,7.0
603,I,0.75,0.575,0.1875,3.6003865,1.474174,1.190679,1.13398,7.0
604,M,1.4375,1.125,0.4125,24.2955215,9.87980075,4.86193925,7.2291225,11.0
605,F,1.4875,1.2,0.5,32.715323,14.50076925,7.66853975,11.1980525,12.0
606,I,1.175,0.8875,0.2875,13.04077,6.13766675,2.82077525,3.96893,8.0
607,M,1.55,1.2375,0.4125,37.364641,14.16057525,8.50485,11.056305,11.0
608,F,1.6875,1.3,0.4375,46.67745175,23.96950225,11.793392,12.8990225,11.0
609,M,1.5375,1.225,0.4,29.18581025,13.947954,6.95980225,7.93786,9.0
610,I,0.9,0.6625,0.2,6.13766675,2.721552,1.0489315,1.74349425,8.0
611,M,1.675,1.2625,0.4125,36.32988425,16.20173925,7.29999625,9.07184,9.0
612,M,1.1375,0.875,0.275,13.947954,6.08096775,2.891649,4.3941725,8.0
613,M,1.4375,1.125,0.3375,24.8058125,10.262519,6.123492,7.5126175,11.0
614,M,1.3125,1.025,0.3875,21.64484325,7.52679225,4.63514325,7.12989925,9.0
615,I,1.4125,1.125,0.35,25.3728025,11.396499,5.5281525,6.973977,9.0
616,F,0.8625,0.65,0.2125,5.10291,2.4097075,1.48834875,1.70097,9.0
617,I,0.7,0.525,0.1375,3.005047,1.17650425,0.75126175,0.9922325,5.0
618,I,1.3875,1.0625,0.3125,21.0069795,9.865626,4.252425,5.839997,7.0
619,M,1.3,1.0,0.3375,18.427175,7.654365,5.8683465,5.953395,8.0
620,M,1.1,0.85,0.2625,13.0691195,5.9250455,2.67902775,3.5436875,9.0
621,F,1.5875,1.2875,0.4875,35.4652245,14.84096325,8.74582075,10.9145575,11.0
622,I,1.125,0.875,0.2875,12.190285,5.386405,3.0333965,4.1106775,6.0
623,M,1.275,1.0,0.35,18.83824275,8.94426725,4.89028875,5.6699,9.0
624,F,1.3125,1.0125,0.3375,21.885814,8.561549,4.26659975,7.37087,15.0
625,I,0.875,0.6875,0.225,5.8116475,2.721552,1.1623295,1.7860185,7.0
626,F,1.4,1.1,0.3625,24.42309425,12.757275,4.86193925,6.520385,9.0
627,I,0.875,0.6375,0.1625,5.06038575,2.19708625,0.86465975,1.530873,6.0
628,M,1.275,1.0,0.325,21.64484325,9.25611175,4.06815325,6.520385,10.0
629,M,1.7,1.3125,0.475,50.8306535,24.6924145,11.0846545,12.190285,11.0
630,I,0.7,0.525,0.1625,2.721552,1.28990225,0.623689,0.97805775,5.0
631,F,1.575,1.225,0.3875,29.97959625,13.6361095,6.56290925,8.3064035,11.0
632,I,0.925,0.7125,0.225,6.42116175,2.96252275,1.757669,2.1262125,6.0
633,I,1.325,1.05,0.3625,19.1359125,8.9300925,4.422522,5.8116475,8.0
634,I,0.7875,0.575,0.225,5.10291,2.11203775,1.190679,1.360776,6.0
635,M,1.25,1.0125,0.3,19.6462035,12.47378,3.50116325,3.8271825,6.0
636,F,1.625,1.3125,0.475,41.4753185,13.99047825,7.24329725,13.60776,22.0
637,F,1.5875,1.3125,0.4625,42.48172575,16.51358375,9.11436425,12.3320325,12.0
638,M,1.325,1.1,0.3375,23.40251225,9.1001895,4.86193925,7.37087,8.0
639,M,1.725,1.325,0.4,44.395317,24.7491135,10.39009175,9.63883,9.0
640,M,1.4625,1.1625,0.3625,27.78251,11.8217415,4.57844425,8.9300925,11.0
641,M,1.6375,1.325,0.4625,42.2124055,14.911837,8.3064035,11.3398,19.0
642,I,1.0875,0.75,0.225,7.030676,3.2601925,0.907184,2.551455,8.0
643,I,0.8375,0.625,0.25,7.44174375,3.30271675,1.190679,1.7293195,6.0
644,I,0.6375,0.475,0.15,2.438057,1.1056305,0.32601925,0.7087375,3.0
645,I,1.4375,1.125,0.4,25.41532675,11.0846545,5.71242425,7.37087,10.0
646,I,0.8125,0.6,0.175,3.005047,1.417475,0.63786375,1.020582,6.0
647,I,1.375,1.0625,0.3625,19.84465,10.64523725,3.95475525,5.00368675,8.0
648,I,0.8375,0.65,0.2,6.39281225,2.82077525,1.3891255,1.984465,6.0
649,F,1.8125,1.375,0.5,63.105987,25.3161035,14.514944,17.57669,18.0
650,F,1.3125,1.05,0.325,23.09066775,11.736693,4.9044635,6.80388,8.0
651,M,1.2875,0.9625,0.2875,18.030282,7.824462,3.67126025,5.386405,10.0
652,I,1.025,0.8125,0.25,9.8939755,4.32329875,2.19708625,2.6365035,6.0
653,M,1.6875,1.3125,0.4375,44.38114225,18.9091165,10.0073735,14.514944,12.0
654,M,1.3125,0.9625,0.4125,22.169309,6.73300625,3.7137845,7.654365,14.0
655,I,1.45,1.125,0.3625,25.16018125,11.736693,4.57844425,6.6621325,8.0
656,F,1.625,1.2625,0.3875,36.38658325,17.61921425,8.37727725,9.39785925,11.0
657,F,1.5625,1.2125,0.4375,35.98969025,15.989118,8.60407325,10.3475675,9.0
658,F,1.125,0.8375,0.2625,11.58077075,4.97533725,2.83495,3.40194,14.0
659,M,1.3125,1.025,0.35,18.597272,7.7394135,4.32329875,5.6699,10.0
660,M,1.3375,1.05,0.3875,25.51455,9.3269855,4.15320175,9.355335,16.0
661,I,1.25,0.9875,0.3125,16.40018575,8.051258,3.628736,4.9611625,8.0
662,F,1.5625,1.2375,0.5125,31.808139,12.3887315,6.4353365,11.056305,13.0
663,I,0.925,0.7125,0.225,7.9095105,3.35941575,1.757669,2.1262125,7.0
664,M,1.75,1.3875,0.4875,49.34230475,20.68096025,9.51125725,14.17475,11.0
665,M,1.425,1.1125,0.375,27.8108595,12.82814875,5.726599,7.5126175,10.0
666,I,1.3125,1.0,0.35,20.0430965,7.881161,4.32329875,6.3786375,9.0
667,I,0.6,0.475,0.15,2.16873675,0.963883,0.396893,0.7087375,3.0
668,M,1.4625,1.1875,0.3875,32.72949775,14.628342,6.27941425,8.3631025,10.0
669,M,1.175,0.9,0.35,17.44911725,6.8322295,3.8838815,5.10291,13.0
670,M,1.325,1.0625,0.3125,23.88445375,11.736693,4.932813,5.0178615,9.0
671,I,0.95,0.7,0.25,7.9095105,3.2601925,1.7293195,2.1262125,7.0
672,I,1.425,1.0625,0.3375,22.92057075,9.6104805,4.3941725,5.6699,8.0
673,I,0.95,0.725,0.25,7.75358825,2.96252275,1.77184375,2.4097075,9.0
674,F,1.6375,1.2875,0.5,40.653183,18.313777,8.77417025,10.489315,11.0
675,F,1.475,1.175,0.4125,31.62386725,10.432616,6.67630725,9.07184,13.0
676,M,1.5125,1.175,0.3875,29.27085875,12.417081,7.89533575,7.12989925,10.0
677,M,1.025,0.7875,0.25,9.63883,4.63514325,2.5231055,2.6932025,8.0
678,M,1.2875,0.95,0.3,15.3937785,6.2652395,3.86970675,4.3941725,10.0
679,M,1.5,1.1875,0.4625,39.02308675,12.74310025,8.4198015,13.324265,17.0
680,I,1.0625,0.8125,0.2875,10.886208,4.2240755,2.65067825,3.5436875,8.0
681,M,1.625,1.2875,0.4,32.44600275,14.18892475,6.23689,11.623295,11.0
682,F,1.5375,1.1875,0.3875,30.46153775,13.96212875,7.0023265,7.7961125,11.0
683,M,1.1375,0.825,0.3125,12.813974,5.4147545,2.59397925,4.819415,8.0
684,I,0.4375,0.3,0.1,0.5953395,0.1984465,0.12757275,0.21262125,4.0
685,M,1.4625,1.1625,0.375,29.27085875,13.67863375,6.22271525,8.3631025,12.0
686,F,1.45,1.1625,0.4,31.808139,15.4504775,6.27941425,7.7961125,9.0
687,M,1.6,1.2375,0.3875,32.034935,12.85649825,7.427569,9.4970825,11.0
688,M,1.525,1.2125,0.4,30.900955,11.8784405,6.81805475,8.9300925,9.0
689,F,1.6375,1.25,0.5125,39.859397,12.28950825,8.77417025,11.90679,14.0
690,F,1.4,1.1375,0.375,23.1048425,10.375917,5.499803,6.6621325,8.0
691,I,0.9375,0.7125,0.2,6.81805475,2.721552,1.97029025,1.984465,7.0
692,F,1.6125,1.25,0.3875,36.35823375,16.1308655,8.2497045,9.355335,9.0
693,F,1.4,1.1125,0.3875,23.85610425,9.8372765,4.8477645,7.7961125,11.0
694,I,1.25,0.95,0.275,14.571643,6.4353365,3.515338,4.252425,9.0
695,I,0.6,0.4125,0.1375,2.45223175,0.94970825,0.4819415,0.5953395,4.0
696,I,1.175,0.9375,0.3125,16.8679525,7.087375,3.1467945,5.2446575,8.0
697,M,1.6,1.225,0.425,33.46658475,11.4248485,6.066793,9.2135875,16.0
698,M,1.3,1.025,0.3125,16.42853525,6.76135575,4.932813,5.2446575,8.0
699,I,1.25,0.9375,0.3,14.67086625,6.13766675,3.01922175,4.819415,9.0
700,I,1.075,0.8125,0.25,10.375917,4.46504625,1.984465,2.9766975,9.0
701,M,1.525,1.1875,0.4,30.83008125,11.0846545,4.63514325,9.2135875,14.0
702,F,1.4375,1.05,0.425,30.0221205,17.2081465,6.67630725,7.7961125,9.0
703,I,1.2625,0.9625,0.2875,16.34348675,6.67630725,3.6003865,5.386405,11.0
704,I,1.425,1.1,0.4125,26.2232875,10.50348975,6.2085405,8.3631025,10.0
705,M,1.6125,1.2625,0.475,42.354153,20.751834,8.66077225,10.0640725,10.0
706,F,1.525,1.2,0.4125,33.40988575,10.319218,7.427569,10.0640725,14.0
707,M,0.6375,0.4625,0.1625,2.26796,0.97805775,0.510291,0.7087375,5.0
708,F,1.25,1.0,0.4125,20.3265915,8.77417025,4.2240755,7.654365,12.0
709,F,1.5875,1.25,0.3875,29.8520235,13.210867,5.5848515,9.2135875,11.0
710,I,0.9125,0.675,0.2125,6.0384435,2.2963095,1.31825175,1.984465,6.0
711,F,1.5125,1.1875,0.425,32.16250775,14.04717725,7.01650125,9.07184,9.0
712,I,0.7375,0.5625,0.175,3.515338,1.6726205,0.75126175,1.2757275,7.0
713,F,1.425,1.1375,0.4,29.18581025,12.0485375,6.633783,8.0796075,8.0
714,M,1.425,1.125,0.3625,22.396105,10.19164525,4.57844425,6.3786375,9.0
715,M,1.775,1.375,0.4875,60.66793,35.30930225,10.56018875,14.514944,14.0
716,M,1.4875,1.175,0.375,26.69105425,10.78698475,5.40057975,7.654365,15.0
717,I,1.3125,1.0,0.35,18.767369,7.98038425,3.84135725,5.386405,9.0
718,M,1.7,1.3125,0.4375,39.405805,18.5122235,7.86698625,10.489315,10.0
719,I,0.9,0.6625,0.2,6.33611325,2.381358,1.0489315,1.8427175,7.0
720,I,0.5625,0.425,0.0,1.60174675,0.680388,0.3685435,0.4252425,4.0
721,M,1.5625,1.2375,0.45,34.5013415,15.43630275,8.03708325,10.602713,10.0
722,F,1.725,1.375,0.4875,49.5265765,23.31746375,10.56018875,13.324265,9.0
723,I,1.1875,0.95,0.35,14.061352,5.74077375,2.48058125,3.96893,8.0
724,M,1.3875,1.1,0.3875,25.35862775,7.75358825,4.09650275,7.4559185,13.0
725,F,1.5375,1.1875,0.3625,28.8314415,13.25339125,6.39281225,7.654365,12.0
726,F,1.5375,1.175,0.375,29.880373,13.11164375,6.39281225,8.9300925,10.0
727,F,1.4875,1.15,0.35,29.540179,14.344847,6.93145275,7.087375,9.0
728,F,1.4,1.125,0.375,26.52095725,11.2547515,5.20213325,7.654365,12.0
729,F,1.5875,1.2875,0.425,35.76289425,15.77649675,9.241937,10.6310625,10.0
730,M,1.35,1.075,0.4625,21.5172705,8.7032965,4.37999775,7.087375,13.0
731,M,1.3,0.9625,0.3,18.71067,8.0796075,4.309124,5.386405,9.0
732,I,1.1625,0.9,0.2625,14.75591475,7.314171,3.005047,4.252425,8.0
733,I,1.275,0.9625,0.3,17.70426275,8.561549,4.025629,5.046211,8.0
734,F,1.525,1.175,0.425,33.04134225,13.25339125,6.56290925,8.788345,10.0
735,I,1.025,0.775,0.3,9.525432,3.55786225,1.99863975,2.6932025,7.0
736,I,1.125,0.8375,0.3,12.417081,5.6982495,3.061746,3.40194,8.0
737,M,1.4375,1.125,0.3625,24.45144375,11.679994,4.86193925,6.87475375,12.0
738,M,1.375,1.05,0.35,24.1821235,10.9712565,5.74077375,6.9456275,12.0
739,I,0.9875,0.7625,0.25,10.33339275,4.9611625,2.59397925,3.3735905,8.0
740,M,1.8,1.4,0.5125,47.513762,21.36134825,10.999606,13.0691195,11.0
741,F,1.525,1.2,0.4,34.91240925,14.7133905,5.8683465,9.4970825,10.0
742,I,1.425,1.1,0.375,20.36911575,9.31281075,4.252425,5.953395,9.0
743,F,1.575,1.25,0.5,38.51279575,15.94659375,9.53960675,9.2135875,11.0
744,I,0.6375,0.4625,0.15,2.608154,0.97805775,0.5953395,0.7087375,5.0
745,I,0.775,0.5625,0.1875,4.80524025,1.97029025,1.2757275,1.247378,9.0
746,F,1.425,1.075,0.4125,24.16794875,11.18387775,5.03203625,7.7961125,8.0
747,F,1.6,1.2875,0.4,36.7693015,16.612807,8.85921875,10.19164525,9.0
748,F,1.55,1.2,0.425,34.23202125,14.0330025,8.44174375,9.6104805,11.0
749,F,1.5875,1.25,0.4375,42.354153,14.571643,8.4198015,12.85649825,17.0
750,M,1.5625,1.2125,0.375,32.2333815,16.0174675,6.90310325,8.4198015,11.0
751,F,1.55,1.2,0.4,32.601925,15.35125425,6.87475375,8.9300925,12.0
752,F,1.5625,1.1375,0.375,30.43318825,14.84096325,6.3219385,8.788345,9.0
753,F,1.5625,1.225,0.4,31.18445,13.664459,5.79747275,8.6465975,17.0
754,M,1.5,1.2375,0.3875,31.808139,13.99047825,6.56290925,8.221355,11.0
755,F,1.675,1.3125,0.4125,42.48172575,14.72756525,8.4198015,12.0485375,13.0
756,M,1.475,1.15,0.3875,28.81726675,12.1052365,5.896696,9.922325,10.0
757,F,1.5375,1.1875,0.3875,27.612413,12.303683,7.61184075,7.7961125,11.0
758,M,1.5625,1.225,0.425,32.0065855,13.50853675,8.88756825,9.4970825,12.0
759,M,1.6,1.3125,0.45,37.42134,13.7495075,7.4559185,12.6155275,13.0
760,M,1.25,0.95,0.3125,16.17338975,6.747181,3.58621175,5.2446575,11.0
761,F,1.5625,1.225,0.375,30.1922175,14.7133905,7.3425205,8.0796075,10.0
762,F,1.4,1.075,0.4125,25.16018125,9.87980075,5.14543425,8.50485,20.0
763,M,1.3,1.025,0.35,17.36406875,6.066793,4.01145425,5.6699,12.0
764,F,1.6125,1.25,0.4875,36.6559035,13.834556,8.2497045,10.6877615,11.0
765,M,1.45,1.175,0.3625,26.1098895,12.8423235,6.350288,7.5126175,10.0
766,M,1.575,1.2625,0.4375,31.5529935,14.04717725,7.257472,8.6465975,9.0
767,I,0.7125,0.5375,0.125,3.5436875,1.304077,0.75126175,0.9922325,5.0
768,M,1.6125,1.2125,0.4375,37.0527965,13.90542975,8.901743,14.9827108,14.0
769,F,1.5125,1.175,0.4,31.34037225,15.081934,6.76135575,8.788345,11.0
770,I,0.925,0.6875,0.2375,7.1157245,3.061746,1.54504775,1.984465,6.0
771,M,1.7,1.3125,0.425,47.56677425,22.7079495,11.283101,11.3398,11.0
772,M,1.4375,1.1625,0.4125,25.231055,12.60135275,5.62737575,6.6621325,9.0
773,F,1.3875,1.1125,0.35,25.684647,10.41844125,6.67630725,6.23689,9.0
774,I,1.0125,0.75,0.225,8.561549,4.63514325,1.7293195,2.5231055,8.0
775,M,1.425,1.1375,0.3875,24.42309425,10.64523725,4.7910655,7.7961125,11.0
776,F,1.55,1.2625,0.4125,38.0733785,13.8062065,6.67630725,10.0640725,14.0
777,M,1.5,1.1875,0.375,32.50270175,14.33067225,5.386405,9.7805775,9.0
778,I,0.525,0.375,0.1375,1.31825175,0.4252425,0.3118445,0.35436875,4.0
779,M,1.475,1.175,0.4375,28.64716975,11.4248485,6.36446275,9.07184,9.0
780,M,1.4375,1.1625,0.4125,29.5685285,12.31785775,7.767763,7.7961125,15.0
781,F,1.25,0.9375,0.3125,17.33571925,6.973977,3.8271825,5.2446575,8.0
782,F,1.625,1.3125,0.4375,36.95357325,17.0380495,9.241937,9.355335,9.0
783,F,1.625,1.275,0.4375,37.1094955,15.4504775,8.68912175,11.72251825,18.0
784,M,1.325,1.0,0.325,20.0430965,9.922325,4.819415,5.10291,10.0
785,M,1.4375,1.175,0.4,29.313383,12.5021295,6.30776375,8.0796075,13.0
786,F,1.5125,1.1625,0.375,27.385617,13.79203175,7.10154975,8.6465975,9.0
787,F,1.5125,1.1625,0.4,34.302895,15.989118,6.4353365,9.355335,13.0
788,I,1.1,0.8375,0.2625,12.303683,5.329706,2.4664065,3.96893,8.0
789,M,1.6,1.2,0.4125,29.44095575,12.40290625,6.08096775,8.788345,13.0
790,I,1.125,0.8875,0.3,12.74310025,5.1312595,2.494756,4.3941725,9.0
791,M,1.6,1.325,0.4125,43.1762885,18.4555245,8.46232575,13.25339125,12.0
792,I,1.475,1.1375,0.3125,23.99785175,11.43902325,4.025629,7.37087,8.0
793,M,1.525,1.2125,0.425,30.71668325,11.8784405,7.78193775,8.9300925,13.0
794,I,1.2875,0.9375,0.3,13.56523575,6.67630725,3.1467945,3.69960975,9.0
795,M,1.2625,0.9625,0.3125,16.839603,8.40562675,3.44446425,4.6776675,8.0
796,F,1.1875,0.825,0.3375,14.004653,5.99591925,4.09650275,4.66349275,9.0
797,I,1.4375,1.1625,0.375,25.798045,11.07047975,5.68407475,7.087375,12.0
798,F,1.5,1.1875,0.425,30.900955,12.133586,7.6260155,8.788345,11.0
799,I,0.925,0.7125,0.25,7.55514175,3.13261975,1.644271,1.927766,7.0
800,M,1.475,1.125,0.3125,24.73493875,11.113004,4.9044635,6.80388,9.0
801,M,1.5125,1.175,0.3875,32.10580875,13.60776,7.35669525,8.788345,10.0
802,I,0.9375,0.7,0.225,7.49844275,3.13261975,1.63009625,1.927766,6.0
803,F,1.4,1.1,0.3125,24.28134675,10.19164525,4.86193925,7.37087,15.0
804,M,1.2125,0.95,0.3125,16.51358375,7.41339425,3.89805625,4.6776675,10.0
805,I,1.0375,0.7875,0.25,9.4970825,4.8477645,2.08368825,2.67902775,7.0
806,I,1.0375,0.775,0.2625,11.6516445,5.51397775,2.4664065,2.83495,7.0
807,M,1.275,0.9625,0.3125,18.5689225,6.47786075,4.139027,5.2446575,13.0
808,I,0.6875,0.55,0.2,2.8632995,1.20485375,0.623689,0.850485,6.0
809,I,0.7375,0.55,0.15,3.9972795,1.871067,0.72291225,1.020582,5.0
810,F,1.575,1.2125,0.4,36.7693015,17.179797,9.8372765,8.788345,10.0
811,F,1.5,1.175,0.3875,31.79396425,13.210867,6.5487345,9.4970825,10.0
812,F,1.45,1.125,0.3625,24.38057,11.75086775,4.3374735,7.78193775,11.0
813,I,0.95,0.7125,0.225,7.93786,3.231843,1.63009625,2.1262125,7.0
814,F,1.425,1.075,0.375,23.530085,10.375917,5.3013565,7.2291225,10.0
815,I,1.1875,0.9375,0.3125,15.35125425,6.76135575,2.99087225,4.252425,9.0
816,I,1.4375,1.05,0.3625,21.08562075,9.87980075,4.479221,5.37223025,9.0
817,I,1.0625,0.8125,0.3,11.0279555,5.37223025,2.56562975,2.83495,7.0
818,I,1.2,0.925,0.3,16.42853525,7.04485075,3.061746,4.9611625,8.0
819,M,1.2875,0.9875,0.3875,21.72989175,9.7238785,4.63514325,7.087375,13.0
820,I,0.6125,0.4375,0.15,2.2396105,1.1056305,0.396893,0.5953395,5.0
821,M,1.125,0.8375,0.2875,12.360382,5.28718175,2.2963095,3.5436875,10.0
822,M,1.2625,1.025,0.3125,18.653971,8.09378225,5.0745605,5.10291,9.0
823,M,1.25,0.9625,0.3375,18.6256215,8.46232575,4.025629,4.9611625,8.0
824,F,1.3125,1.0,0.3375,18.10115575,8.34892775,4.8477645,4.762716,11.0
825,M,1.65,1.3125,0.45,45.60017075,21.72989175,8.2497045,12.190285,11.0
826,I,0.7,0.5375,0.1875,3.6003865,1.474174,0.83631025,0.97805775,8.0
827,M,1.5,1.1375,0.4,34.5013415,17.916884,7.597666,8.50485,9.0
828,M,1.325,1.0625,0.35,21.72989175,8.29222875,4.60679375,7.7961125,13.0
829,F,1.525,1.2875,0.4125,30.84368375,11.623295,5.99591925,9.4970825,9.0
830,I,1.375,1.05,0.3,23.11901725,11.623295,4.26659975,5.2446575,8.0
831,F,1.5625,1.2625,0.4125,36.0322145,16.045817,8.94426725,9.7805775,12.0
832,M,1.4625,1.1875,0.4125,27.6974615,9.7805775,5.6699,9.7805775,17.0
833,I,0.9625,0.75,0.2375,8.107957,3.44446425,1.97029025,2.551455,6.0
834,M,1.6375,1.2375,0.4,36.55668025,16.85377775,7.21494775,9.355335,11.0
835,I,0.925,0.6875,0.225,6.1518415,2.721552,0.89300925,2.26796,5.0
836,F,1.8,1.4625,0.5,50.745605,14.4298955,10.87203325,13.60776,17.0
837,M,1.525,1.2125,0.425,30.8726055,13.2959155,6.95980225,7.654365,10.0
838,M,1.35,1.025,0.3375,23.79940525,7.35669525,4.77689075,7.2291225,12.0
839,F,1.4375,1.125,0.425,28.67551925,12.6722265,6.33611325,8.0796075,11.0
840,I,1.375,1.075,0.3875,20.638436,8.8733935,4.46504625,5.953395,9.0
841,M,1.5125,1.1875,0.4125,29.48348,13.947954,5.74077375,8.221355,9.0
842,I,1.15,0.9125,0.275,14.04717725,6.50621025,3.01922175,3.9972795,7.0
843,F,1.525,1.1625,0.375,29.5118295,12.0485375,8.3631025,8.6465975,10.0
844,M,1.525,1.175,0.425,27.9242575,12.6722265,7.087375,7.5126175,10.0
845,I,1.575,1.25,0.4375,34.8415355,14.855138,7.881161,10.0640725,9.0
846,I,1.1125,0.8375,0.3,12.94154675,5.953395,2.48058125,3.8271825,8.0
847,M,1.5,1.15,0.3125,24.62154075,11.43902325,5.6699,6.520385,8.0
848,F,1.4875,1.1625,0.3875,30.4190135,14.04717725,6.406987,7.5126175,8.0
849,I,1.0875,0.8375,0.2625,11.35397475,5.62737575,2.26796,3.40194,6.0
850,M,1.6625,1.2875,0.3875,39.02308675,17.61921425,8.77417025,9.4970825,11.0
851,I,1.05,0.7875,0.25,9.865626,3.72795925,1.99863975,2.84912475,8.0
852,I,1.3625,1.025,0.35,17.33571925,8.7032965,3.6003865,5.216308,9.0
853,M,1.675,1.2875,0.3875,40.9083285,17.973583,10.0073735,10.2908685,9.0
854,I,1.4375,1.1125,0.3875,24.79163775,14.061352,4.3941725,6.520385,9.0
855,M,1.625,1.2625,0.4375,37.9032815,15.54970075,10.829509,10.0640725,11.0
856,I,1.725,1.35,0.475,48.23667425,15.2803805,9.39785925,13.324265,17.0
857,I,0.825,0.65,0.225,5.10291,2.59397925,1.20485375,1.5592225,7.0
858,M,1.0375,0.8,0.3125,12.65805175,5.71242425,2.778251,3.5436875,10.0
859,M,1.575,1.2375,0.4375,37.37881575,15.2803805,7.66853975,9.922325,11.0
860,F,1.375,1.075,0.35,22.75047375,9.85145125,4.8477645,5.953395,9.0
861,M,1.0875,0.825,0.2875,10.98543125,4.52174525,2.08368825,3.40194,8.0
862,I,0.875,0.6625,0.225,5.556502,2.05533875,1.34660125,1.70097,7.0
863,M,1.375,1.0875,0.3875,25.911443,10.8011595,4.706017,7.087375,9.0
864,F,1.7625,1.4,0.625,64.16909325,17.690088,10.24834425,19.4194075,20.0
865,M,1.5625,1.25,0.4,38.90968875,14.33067225,7.881161,9.85145125,17.0
866,M,1.5375,1.1375,0.375,32.31843,14.13222575,6.36446275,8.50485,10.0
867,M,1.325,1.05,0.4125,24.834162,7.7961125,5.17378375,7.7961125,17.0
868,I,1.05,0.8125,0.2375,10.44679075,4.40834725,1.80019325,2.9766975,7.0
869,M,1.425,1.125,0.3625,24.59319125,11.736693,4.86193925,6.87475375,11.0
870,F,1.575,1.2,0.425,37.52056325,17.1514475,9.7805775,11.056305,19.0
871,F,1.525,1.2,0.4375,30.7025085,14.84096325,6.22271525,10.20582,10.0
872,I,0.6875,0.4875,0.15,2.96252275,1.17650425,0.623689,0.7087375,6.0
873,M,1.525,1.1625,0.4375,31.6096925,10.04989775,6.7755305,9.4970825,23.0
874,F,1.65,1.3,0.425,42.51007525,15.762322,8.17883075,10.489315,16.0
875,F,1.525,1.225,0.425,32.2333815,13.5227115,7.15824875,9.02931575,13.0
876,M,1.475,1.1875,0.425,28.64716975,11.29727575,6.36446275,8.0796075,9.0
877,F,1.175,0.9125,0.3,14.81261375,5.42892925,3.061746,4.3941725,11.0
878,M,1.675,1.3375,0.4875,44.15434625,15.478827,9.8372765,14.74174,19.0
879,I,1.1875,0.9375,0.275,17.633389,8.164656,3.27436725,4.819415,8.0
880,F,1.525,1.2125,0.4125,30.94347925,13.08329425,7.78193775,9.355335,10.0
881,M,1.6,1.25,0.4375,39.7743485,19.561155,8.88756825,9.4970825,11.0
882,F,0.9625,0.575,0.2625,7.9662095,2.778251,1.757669,2.1262125,12.0
883,I,0.5,0.375,0.125,1.020582,0.3118445,0.226796,0.283495,4.0
884,I,0.8875,0.7,0.25,6.917278,3.1467945,1.077281,1.984465,7.0
885,I,1.225,0.9625,0.325,16.17338975,6.7188315,3.7704835,4.6776675,9.0
886,I,0.75,0.55,0.1875,3.9972795,1.68679525,0.8788345,1.13398,6.0
887,I,0.65,0.5,0.15,2.721552,1.0489315,0.52446575,0.850485,6.0
888,F,1.55,1.2,0.4125,37.7331845,16.42853525,8.60407325,11.056305,18.0
889,M,1.45,1.1125,0.375,25.58542375,11.1980525,5.4714535,7.8528115,11.0
890,F,1.325,1.0625,0.3625,23.79940525,6.6054335,5.51397775,7.3425205,11.0
891,I,1.05,0.85,0.2625,12.48795475,5.71242425,2.11203775,3.2601925,7.0
892,M,1.2875,1.05,0.3625,19.7737763,8.845044,4.26659975,5.10291,11.0
893,F,1.1,0.8625,0.2625,12.60135275,3.78465825,2.1262125,3.685435,8.0
894,I,0.6875,0.5,0.0,3.67126025,1.5025235,0.52446575,0.850485,5.0
895,M,1.0375,0.7875,0.25,8.66077225,3.798833,1.6726205,2.6932025,9.0
896,I,0.8375,0.575,0.2,5.443104,2.2963095,0.80796075,1.5025235,5.0
897,M,1.2,0.9,0.3125,14.968536,6.25106475,2.9199985,4.66349275,9.0
898,M,1.6125,1.2875,0.425,42.82191975,19.447757,8.618248,10.942907,10.0
899,I,0.925,0.6875,0.2375,6.39281225,2.721552,1.31825175,2.26796,6.0
900,F,1.675,1.25,0.45,47.95317925,19.66037825,10.33339275,12.190285,12.0
901,M,1.5875,1.2,0.4125,37.42134,16.839603,7.3992195,8.77417025,11.0
902,I,0.9875,0.75,0.225,8.5331995,3.35941575,1.88524175,2.14038725,8.0
903,M,1.3,1.05,0.3875,22.4244545,9.87980075,4.3374735,7.7961125,13.0
904,M,1.0375,0.7625,0.275,10.41844125,4.4508715,2.22543575,2.76407625,8.0
905,F,1.275,1.0,0.3875,21.1203775,10.432616,4.195726,5.5281525,12.0
906,M,1.4375,1.125,0.3625,24.99008425,10.81533425,4.422522,7.2291225,9.0
907,I,1.0125,0.75,0.2625,8.958442,3.55786225,1.8427175,2.4097075,7.0
908,M,1.775,1.35,0.5,50.972401,22.1976585,9.00096625,13.891255,10.0
909,F,1.5125,1.1875,0.4375,31.694741,11.12717875,6.22271525,9.4970825,16.0
910,M,1.65,1.2875,0.4125,38.215126,21.72989175,8.3064035,10.0640725,9.0
911,I,1.25,0.9375,0.3,16.9813505,7.75358825,3.0333965,4.9611625,7.0
912,I,1.2875,0.9625,0.3,17.95940825,7.1157245,3.67126025,5.216308,8.0
913,I,0.65,0.475,0.175,3.16096925,1.0489315,0.72291225,0.850485,5.0
914,F,1.4875,1.0875,0.375,24.2955215,10.9145575,4.89028875,8.788345,11.0
915,M,1.4,1.075,0.4,24.67823975,9.63883,4.6209685,7.93786,22.0
916,I,0.775,0.5625,0.1875,4.3941725,1.8427175,1.03475675,1.0489315,6.0
917,I,0.4625,0.3125,0.125,0.83631025,0.340194,0.226796,0.26932025,5.0
918,F,1.5625,1.25,0.375,32.16250775,14.33067225,8.20718025,7.881161,9.0
919,I,1.4125,1.125,0.375,24.59319125,11.453198,4.1106775,7.2291225,9.0
920,M,1.375,1.0875,0.325,24.22464775,9.51125725,5.783298,7.7961125,11.0
921,M,1.6,1.2625,0.4,36.3724085,17.7751365,6.5487345,9.298636,10.0
922,M,1.55,1.225,0.45,33.40988575,14.33067225,8.66077225,8.3631025,9.0
923,I,1.425,1.125,0.3875,27.71163625,8.46232575,5.99591925,9.2135875,15.0
924,M,1.4125,1.075,0.375,24.79163775,12.68640125,5.4714535,7.654365,9.0
925,I,1.375,1.0625,0.4125,22.97726975,11.4815475,5.9250455,6.87475375,9.0
926,F,1.1375,0.775,0.275,10.886208,4.52174525,2.42388225,3.118445,8.0
927,F,1.575,1.2125,0.375,32.5168765,12.20445975,6.30776375,9.1001895,11.0
928,I,0.9125,0.675,0.2125,6.36446275,3.061746,1.60174675,1.984465,7.0
929,I,0.625,0.475,0.15,2.96252275,1.17650425,0.396893,0.7087375,5.0
930,I,1.2,0.925,0.3,16.51358375,6.973977,3.7704835,4.3941725,7.0
931,I,1.1,0.8375,0.2625,12.813974,5.28718175,2.93417325,3.96893,7.0
932,M,1.35,1.0625,0.3875,27.71163625,15.03940975,6.0951425,6.0951425,8.0
933,M,1.65,1.2875,0.4375,45.7277435,20.2131935,10.13494625,12.757275,12.0
934,M,1.4625,1.15,0.4625,27.669112,9.19941275,7.64019025,8.0796075,10.0
935,M,1.3125,1.0375,0.3625,22.0275615,8.91591775,3.64291075,8.3631025,12.0
936,F,1.6125,1.3,0.4375,36.38658325,10.21999475,8.71747125,11.509897,16.0
937,M,1.25,0.95,0.3125,23.00561925,11.43902325,5.42892925,5.2446575,9.0
938,M,1.45,1.15,0.3875,30.03629525,9.05766525,5.82582225,9.4970825,14.0
939,F,1.0875,0.8625,0.2625,11.66581925,5.953395,3.47281375,3.685435,8.0
940,M,1.1625,0.9375,0.3,14.2030995,5.74077375,4.3941725,4.3941725,14.0
941,F,1.65,1.3,0.4,41.80133775,17.1514475,9.17106325,11.41067375,11.0
942,M,1.4125,1.1,0.3375,26.01066625,11.679994,5.14543425,7.881161,9.0
943,I,1.2375,0.95,0.375,16.76872925,7.92368525,3.52951275,4.819415,8.0
944,M,1.45,1.1,0.3,26.7335785,11.623295,5.159609,7.1724235,11.0
945,M,1.5,1.15,0.3375,28.02348075,13.65028425,5.76912325,7.5126175,10.0
946,I,0.4625,0.3125,0.1625,1.45999925,0.963883,0.226796,0.26932025,3.0
947,F,1.2,0.925,0.3125,13.8062065,6.56290925,3.6003865,3.8271825,9.0
948,M,1.4875,1.2375,0.4125,35.42270025,13.93377925,7.200773,10.1207715,11.0
949,M,1.35,1.05,0.3625,22.89222125,10.035723,4.15320175,6.23689,15.0
950,I,1.175,0.9375,0.3,13.4660125,5.9817445,3.1467945,3.8271825,8.0
951,F,1.4375,1.1125,0.3625,26.43590875,11.77921725,4.69184225,7.654365,10.0
952,I,0.85,0.6625,0.225,5.00368675,2.67902775,1.14815475,1.417475,6.0
953,M,1.3625,1.0625,0.35,26.26581175,11.169703,5.216308,7.654365,9.0
954,I,0.9375,0.725,0.225,6.30776375,2.39553275,1.31825175,2.1262125,6.0
955,M,1.6625,1.3375,0.475,45.472598,20.70930975,10.87203325,13.04077,12.0
956,I,0.675,0.475,0.1375,2.96252275,1.17650425,0.46776675,0.8788345,5.0
957,F,1.325,1.0625,0.375,28.91649,13.777857,6.1518415,7.5126175,11.0
958,F,1.4375,1.125,0.4625,28.179403,9.62465525,5.93922025,9.63883,14.0
959,F,1.6,1.25,0.4875,37.194544,15.49300175,8.674947,11.4815475,16.0
960,M,1.5875,1.2125,0.4875,34.8415355,12.85649825,6.22271525,10.1207715,12.0
961,I,1.575,1.2,0.45,30.277266,14.38737125,4.89028875,7.767763,11.0
962,I,0.9625,0.75,0.225,8.06543275,3.515338,1.65844575,2.5231055,9.0
963,F,1.5875,1.2125,0.4875,40.86580425,14.10387625,8.77417025,10.942907,18.0
964,M,1.3125,1.0,0.375,21.659018,9.6671795,5.48562825,5.6699,8.0
965,I,1.375,1.0125,0.375,18.030282,8.32057825,5.2446575,5.216308,10.0
966,F,1.5,1.1625,0.3875,28.22192725,12.927372,6.59125875,8.06543275,8.0
967,I,0.8625,0.7,0.2125,5.783298,2.154562,1.65844575,1.70097,6.0
968,I,1.1,0.825,0.25,10.41844125,4.139027,2.2963095,2.9766975,7.0
969,M,1.125,0.875,0.3,14.1464005,4.89028875,2.67902775,4.1106775,14.0
970,F,1.3125,1.0,0.325,18.10115575,7.824462,4.53592,5.5281525,9.0
971,F,1.325,1.0125,0.325,21.95668775,8.845044,4.706017,7.5126175,11.0
972,M,1.2875,1.0,0.3375,20.184844,8.66077225,4.23825025,6.23689,10.0
973,I,0.975,0.75,0.2375,7.55514175,3.04757125,1.70097,2.26796,7.0
974,F,1.75,1.4125,0.5,49.25725625,23.17571625,11.566596,13.4660125,14.0
975,I,0.8375,0.625,0.1875,4.20990075,1.71514475,1.13398,1.2757275,7.0
976,F,1.7125,1.3875,0.475,51.49686675,23.926978,12.360382,13.834556,12.0
977,M,1.5375,1.2,0.4,32.6302745,14.75591475,7.35669525,8.50485,8.0
978,M,1.6125,1.2875,0.475,41.4186195,17.690088,9.8939755,11.1980525,10.0
979,F,1.425,1.1125,0.375,24.99008425,10.8011595,5.273007,7.2291225,12.0
980,F,1.3125,1.0125,0.3125,21.41804725,9.7238785,4.89028875,5.10291,7.0
981,F,1.525,1.1875,0.375,36.81182575,14.911837,7.58349125,10.886208,17.0
982,M,1.7625,1.3875,0.4875,56.9541455,28.05183025,9.39785925,14.17475,11.0
983,M,1.5,1.2125,0.375,28.02348075,15.06775925,5.68407475,6.520385,9.0
984,I,0.9375,0.6875,0.2375,6.59125875,2.7499015,1.34660125,1.927766,7.0
985,M,1.2625,0.8875,0.3,17.50581625,7.484268,3.50116325,5.216308,10.0
986,I,0.8875,0.675,0.2125,5.8116475,2.721552,1.417475,1.984465,6.0
987,I,0.725,0.5125,0.1625,2.76407625,1.28990225,0.29766975,0.963883,6.0
988,I,0.675,0.4875,0.1625,2.8632995,1.1623295,0.4819415,0.963883,5.0
989,M,1.5,1.1875,0.375,27.499015,11.94931425,6.64795775,9.4970825,11.0
990,F,1.7875,1.4125,0.4625,54.5727875,23.11901725,10.149121,12.85649825,11.0
991,I,1.25,0.95,0.3125,14.968536,6.2085405,2.99087225,4.3941725,8.0
992,M,1.125,0.8875,0.3,11.6516445,4.74854125,2.42388225,3.8271825,9.0
993,M,1.325,0.9625,0.3125,17.50581625,5.3580555,4.23825025,6.23689,12.0
994,M,1.475,1.175,0.4125,34.0194,14.628342,6.87475375,8.788345,9.0
995,F,1.4625,1.125,0.4625,28.36367475,12.3320325,5.62737575,7.654365,14.0
996,M,1.2375,0.9125,0.35,15.0535845,5.37223025,2.93417325,4.9611625,11.0
997,M,1.5125,1.175,0.4125,32.33260475,14.04717725,6.1518415,8.7599955,13.0
998,F,1.5875,1.275,0.4875,38.0733785,19.220961,7.824462,10.6310625,10.0
999,F,1.225,0.95,0.3375,17.236496,5.68407475,3.9972795,5.06038575,14.0
